method,attacker,seed,outcome,success,end_time,tau_I,tau_B,tau_L,min_rho,min_attacker_hvu_dist,min_h_V,min_mu_V,min_eta_V,mean_h_V,mean_mu_V,mean_eta_V,eta_viol_integral,fraction_h_V_negative,fraction_mu_V_negative,fraction_eta_V_negative,fraction_planner_stressed,Omega_max,a_max
pn,pilot_easy,0,intercept,True,0.6700000000000004,0.6600000000000004,,,3.7583817523836665,37.20403832812947,0.06266761218293948,0.5044287245987475,-2.4935830988391094,0.1294591006064951,1.2775985089263016,0.33767253147866677,0.053069765247765216,0.0,0.0,0.07462686567164178,0.0,14.0,60.0
pn,pilot_easy,1,intercept,True,0.6500000000000004,0.6400000000000003,,,3.6651975002456916,38.17497584181676,0.011999150484589771,0.5047784671046723,-4.453747145604469,0.12641239109520122,1.2221643251238112,0.2281862136666921,0.11115800636996319,0.0,0.0,0.1076923076923077,0.0,14.0,60.0
pn,pilot_easy,2,intercept,True,0.7000000000000004,0.6900000000000004,,,3.4454885966087314,39.62224396505115,0.12249587890402547,0.5000027830798853,-0.14266965510366708,0.13343274166292896,0.8163496123452081,0.4624575529137683,0.0014266965510366708,0.0,0.0,0.014285714285714285,0.0,14.0,60.0
pn,pilot_easy,3,intercept,False,0.8000000000000005,0.7900000000000005,,0.7800000000000005,3.478284057954342,40.159578091049,-0.10522505755416567,0.5015818535550822,-9.92197535474166,0.1234952758799394,1.3365554092379204,0.07768556901566062,0.26349254452143656,0.025,0.0,0.1125,0.0,14.0,60.0
pn,pilot_easy,4,intercept,True,0.7200000000000004,0.7100000000000004,,,3.569230821729841,40.17626727070748,-0.019500995671933752,0.5046495771236263,-6.404233029261808,0.1260913103401293,1.2146916450916654,0.19229011648165534,0.15440515669289964,0.013888888888888888,0.0,0.09722222222222222,0.0,14.0,60.0
pn,pilot_easy,5,intercept,True,0.5500000000000003,0.5400000000000003,,,3.6980936631363015,35.90051368622623,0.07259221111502501,0.5109286822234916,-1.9498147717046905,0.1291575010102184,1.4993300112411578,0.33104599107765603,0.04147793652259459,0.0,0.0,0.09090909090909091,0.0,14.0,60.0
pn,pilot_easy,6,intercept,True,0.6800000000000004,0.6700000000000004,,,3.7659482957178625,37.12100774673965,0.10756039513808469,0.4958958706050787,-0.8310546204435951,0.13266742278068863,0.9333583687837658,0.4316831345719306,0.011167099711975005,0.0,0.0,0.04411764705882353,0.0,14.0,60.0
pn,pilot_easy,7,intercept,True,0.5700000000000003,0.5600000000000003,,,3.504263004567025,36.816007995270965,0.10939249675679263,0.5132120553646193,-0.635933800241804,0.13211253536906623,1.2119457236737239,0.42493417446277176,0.00817753582515165,0.0,0.0,0.03508771929824561,0.0,14.0,60.0
pn,pilot_easy,8,breach,False,3.289999999999974,,3.279999999999974,0.7200000000000004,4.349131808106282,2.908776486473828,-0.7381795531210982,0.32020766870875567,-11.201091435327204,0.06906667168366074,2.3357752159791336,0.22622844083337051,1.1255739274462868,0.11246200607902736,0.0,0.07598784194528875,0.0,14.0,60.0
pn,pilot_easy,9,intercept,True,0.5900000000000003,0.5800000000000003,,,3.7149131539599294,37.083204960658065,0.11142913541365185,0.5078072397377155,-0.5140748664223043,0.13224117968452032,1.1084690782952527,0.4318990472137505,0.00632401134137792,0.0,0.0,0.03389830508474576,0.0,14.0,60.0
pn,pilot_easy,10,intercept,True,0.7700000000000005,0.7600000000000005,,,3.7971612734683853,39.824782485304574,0.045957825975499134,0.5008580420368679,-3.545287909929175,0.12959390504483606,1.0735570178268103,0.3264348848787195,0.07547531947082094,0.0,0.0,0.07792207792207792,0.0,14.0,60.0
pn,pilot_easy,11,intercept,False,0.7200000000000004,0.7100000000000004,,0.6900000000000004,3.7537911775927584,40.884156984689895,-0.18826938277946081,0.5093140963786364,-10.482780228102644,0.1157275414974263,1.5642209783148637,-0.10981054728938754,0.3522537292870976,0.041666666666666664,0.0,0.1527777777777778,0.0,14.0,60.0
pn,pilot_easy,12,intercept,True,0.7200000000000004,0.7100000000000004,,,3.7062598418774972,39.50529962644707,-0.026420921553175325,0.5043567980164347,-6.200098864315783,0.12544441328584882,1.3513388029904074,0.18171131087852166,0.15958378273059523,0.013888888888888888,0.0,0.1111111111111111,0.0,14.0,60.0
pn,pilot_easy,13,intercept,True,0.6700000000000004,0.6600000000000004,,,3.5961420132646684,36.43402518353378,0.007939704515170898,0.521842666524428,-4.563980954543241,0.12590801588321726,1.5329625001666645,0.2253557126691314,0.11519357777179899,0.0,0.0,0.1044776119402985,0.0,14.0,60.0
pn,pilot_easy,14,intercept,False,0.7700000000000005,0.7600000000000005,,0.7400000000000004,3.503689003875289,37.667491908935496,-0.14637428810929443,-0.6002970119013551,-10.561834706358724,0.12042537563829216,1.336744017148153,-0.0044949150853614605,0.3084335091108392,0.03896103896103896,0.012987012987012988,0.12987012987012986,0.0,14.0,60.0
pn,pilot_easy,15,breach,False,3.3999999999999715,,3.3899999999999717,0.7900000000000005,3.8789008514699117,2.969746452408315,-0.8450114505720904,-3.372394399828062,-13.68998123845627,0.06194263957048757,2.111642233191491,0.199793097203288,1.2517198832263727,0.12058823529411765,0.01764705882352941,0.06764705882352941,0.0,14.0,60.0
pn,pilot_easy,16,intercept,True,0.6600000000000004,0.6500000000000004,,,3.520104596625973,41.41038903798505,0.10069948866449518,0.5041837530217438,-1.2737217300839418,0.1323359596523183,0.9636360265542682,0.41515886266270713,0.018815327319139194,0.0,0.0,0.045454545454545456,0.0,14.0,60.0
pn,pilot_easy,17,intercept,True,0.7200000000000004,0.7100000000000004,,,3.779715211245091,35.996246245016096,0.06475100899943131,0.5052886085660449,-2.537753887224652,0.12989473343581723,1.1871810529442048,0.35145336178579867,0.051330455859199875,0.0,0.0,0.06944444444444445,0.0,14.0,60.0
pn,pilot_easy,18,intercept,True,0.6900000000000004,0.6800000000000004,,,3.741609693491184,36.0900335398152,0.00043821803714472196,0.5127219080893958,-4.8774828735990825,0.12562185691582084,1.462167714146829,0.21901460158209166,0.12298668720651776,0.0,0.0,0.11594202898550725,0.0,14.0,60.0
pn,pilot_easy,19,intercept,True,0.6200000000000003,0.6100000000000003,,,3.743204174519274,35.19576332759839,-0.0008435232685040095,0.5181707037348577,-4.63625570405766,0.12470203341686897,1.4546420723064575,0.18838971439248559,0.12392700407922175,0.016129032258064516,0.0,0.12903225806451613,0.0,14.0,60.0
pn,pilot_easy,20,intercept,True,0.7000000000000004,0.6900000000000004,,,3.5779274875261127,39.84490520391991,0.12846945721596925,0.5128555455909259,0.2050947001117685,0.13365494825267757,0.8099846622118093,0.47447417514668216,0.0,0.0,0.0,0.0,0.0,14.0,60.0
pn,pilot_easy,21,intercept,True,0.7000000000000004,0.6900000000000004,,,3.5721979919843885,41.703450458254736,0.10183909758215737,0.4978574831479757,-1.0248061146870528,0.13204471866200385,1.0667560905807045,0.4205242098274521,0.015582619071510342,0.0,0.0,0.04285714285714286,0.0,14.0,60.0
pn,pilot_easy,22,intercept,True,0.6200000000000003,0.6100000000000003,,,3.453061923399172,34.81952458614939,0.016680978285663728,0.5036111633393392,-4.56116629977756,0.1269170443426139,1.3416531176987352,0.2263262957176247,0.1088690342402521,0.0,0.0,0.11290322580645161,0.0,14.0,60.0
pn,pilot_easy,23,intercept,True,0.6700000000000004,0.6600000000000004,,,3.3054880402505082,40.009459188990974,0.13154854167221897,0.511039974706516,0.3424763031728228,0.1338353041819977,0.71006664407523,0.4805042221460258,0.0,0.0,0.0,0.0,0.0,14.0,60.0
pn,pilot_easy,24,intercept,True,0.7000000000000004,0.6900000000000004,,,3.645124847003823,37.194230652594264,0.1079831027772622,0.5000038697007279,-0.8178987077993221,0.13267778491422133,0.866115469927931,0.43357166783570483,0.011142136170176035,0.0,0.0,0.02857142857142857,0.0,14.0,60.0
pn,pilot_easy,25,intercept,True,0.7300000000000004,0.7200000000000004,,,3.375669391652575,42.18004069740039,-0.03574391541801858,-0.1398824141527088,-7.073347404453358,0.12563110822763318,1.201811081430364,0.16505074711037448,0.17672209003951772,0.0136986301369863,0.0136986301369863,0.1095890410958904,0.0,14.0,60.0
pn,pilot_easy,26,intercept,False,0.7900000000000005,0.7800000000000005,,0.7700000000000005,3.6430854859706825,41.03872267663331,-0.07169741938966756,-0.43884855127538475,-8.07980156399098,0.12422946738951281,1.146233761008977,0.13007865312618755,0.21771590849822586,0.02531645569620253,0.012658227848101266,0.11392405063291139,0.0,14.0,60.0
pn,pilot_easy,27,intercept,True,0.7100000000000004,0.7000000000000004,,,3.51363559231697,38.78250792324902,0.08950869432083386,0.5067769598002656,-1.664626282404202,0.13157091712923874,1.1527439072995391,0.39732794427703555,0.028043524435089236,0.0,0.0,0.056338028169014086,0.0,14.0,60.0
pn,pilot_easy,28,intercept,True,0.7400000000000004,0.7300000000000004,,,3.416563519395577,38.27840581724008,-0.044012427634082085,0.5032489467468204,-7.439345767318629,0.1251358467377959,1.4289856790078526,0.1543568419306527,0.1856159986794824,0.013513513513513514,0.0,0.10810810810810811,0.0,14.0,60.0
pn,pilot_easy,29,intercept,False,0.7200000000000004,0.7100000000000004,,0.7000000000000004,3.468017525256281,38.98893165184845,-0.0833327357795649,-0.7885134034902277,-8.77865916562686,0.12295618865937044,1.188551226166245,0.07469329948836594,0.23275663955152623,0.027777777777777776,0.013888888888888888,0.125,0.0,14.0,60.0
pn,pilot_easy,30,intercept,True,0.6900000000000004,0.6800000000000004,,,3.6791583701501516,38.02037348109619,0.08323804143090541,0.507490965903432,-1.8642357603880046,0.13100106040404627,1.0933219245721484,0.3825390297242889,0.0331805528535863,0.0,0.0,0.057971014492753624,0.0,14.0,60.0
pn,pilot_easy,31,intercept,True,0.6100000000000003,0.6000000000000003,,,3.633559697284805,35.48474081372284,-0.02469523193293799,0.5175089445164309,-5.277575310414599,0.12234871201480894,1.51189269100761,0.1295990380192935,0.15079108327431429,0.01639344262295082,0.0,0.13114754098360656,0.0,14.0,60.0
pn,pilot_easy,32,intercept,False,0.8200000000000005,0.8100000000000005,,0.7900000000000005,3.591435772228564,40.661174907798156,-0.2173210223199814,-1.9803294489444798,-12.465071902245127,0.11806543291922655,1.2015571332693014,-0.08550608692061575,0.39558797436837256,0.036585365853658534,0.012195121951219513,0.12195121951219512,0.0,14.0,60.0
pn,pilot_easy,33,intercept,True,0.7500000000000004,0.7400000000000004,,,3.529855301478206,41.19823081419709,0.09778099908217164,0.5116185293079665,-1.5250233880974273,0.13247740298057026,0.9226833963220266,0.4177081147156974,0.02295724635596325,0.0,0.0,0.04,0.0,14.0,60.0
pn,pilot_easy,34,intercept,False,0.7600000000000005,0.7500000000000004,,0.7400000000000004,3.769337317867727,38.09227162649929,-0.11583284454683973,-1.1528048905988701,-8.922682944977305,0.12108083128389448,1.1629958226686903,0.04208313169332636,0.26760134878240543,0.02631578947368421,0.013157894736842105,0.13157894736842105,0.0,14.0,60.0
pn,pilot_easy,35,intercept,True,0.7500000000000004,0.7400000000000004,,,3.6402245304576564,37.5522360298998,0.12982517715594655,0.5031868325999543,0.26382466615092987,0.13373795904831073,0.7590688919956307,0.47785704047409544,0.0,0.0,0.0,0.0,0.0,14.0,60.0
pn,pilot_easy,36,intercept,True,0.7600000000000005,0.7500000000000004,,,3.440573807624144,39.04702305738821,-0.050122308943246874,0.5008878767403726,-7.6283886459976005,0.12514321795583233,1.3035589244060886,0.15166113949578697,0.1943485681677133,0.013157894736842105,0.0,0.10526315789473684,0.0,14.0,60.0
pn,pilot_easy,37,intercept,True,0.6800000000000004,0.6700000000000004,,,3.5301573706617666,36.36284130008995,0.11047846951759555,0.4961920495896404,-0.7043460002733846,0.1326840825396088,0.9482390068409081,0.4367290661633371,0.008898421436980108,0.0,0.0,0.029411764705882353,0.0,14.0,60.0
pn,pilot_easy,38,intercept,True,0.6700000000000004,0.6600000000000004,,,3.4296407361714305,38.638234914964414,0.11632745458798932,0.5058250295530674,-0.45564359695935125,0.1330978762960406,0.8424802904863404,0.4484384443481197,0.005186697020450933,0.0,0.0,0.029850746268656716,0.0,14.0,60.0
pn,pilot_easy,39,intercept,True,0.6800000000000004,0.6700000000000004,,,3.393542506055829,38.10082973247683,0.0011546393590317061,0.5156760098343348,-5.150251943738719,0.12603683696373183,1.6193693812352423,0.215132663004227,0.12637792577482948,0.0,0.0,0.10294117647058823,0.0,14.0,60.0
pn,pilot_easy,40,intercept,True,0.6800000000000004,0.6700000000000004,,,3.4175465054713943,34.62102059860209,0.06140146072117758,0.5025850396635085,-3.1528101285346155,0.1304183244948554,1.0715524263311675,0.33679489111921473,0.06137212415554766,0.0,0.0,0.07352941176470588,0.0,14.0,60.0
pn,pilot_easy,41,intercept,False,0.7200000000000004,0.7100000000000004,,0.7000000000000004,3.71206396293907,40.41047098179321,-0.05815684199877824,0.06198333389252424,-7.130993018456491,0.12327490223962163,1.2891644776228677,0.12227965992711454,0.19615035868480646,0.027777777777777776,0.0,0.125,0.0,14.0,60.0
pn,pilot_easy,42,intercept,True,0.7200000000000004,0.7100000000000004,,,3.4861310461962325,41.65661633282673,-0.02028643004573527,0.505351454023361,-6.6439963159022,0.12634478077193811,1.1706042692436487,0.19029937649094789,0.15716290396627292,0.013888888888888888,0.0,0.09722222222222222,0.0,14.0,60.0
pn,pilot_easy,43,intercept,True,0.6100000000000003,0.6000000000000003,,,3.592328747240341,37.325768695760296,0.1063927622365517,0.5183331204722792,-0.7043214703243972,0.13194504780989116,1.1367540016103432,0.4218920195668068,0.009888439267657435,0.0,0.0,0.04918032786885246,0.0,14.0,60.0
pn,pilot_easy,44,intercept,True,0.7100000000000004,0.7000000000000004,,,3.636547119703948,37.41103414001006,-0.026486283805174815,0.5037256706934494,-6.2255236767773185,0.12524606162885557,1.261987815463819,0.1755391495642936,0.1605054916826351,0.014084507042253521,0.0,0.11267605633802817,0.0,14.0,60.0
pn,pilot_easy,45,intercept,False,0.7600000000000005,0.7500000000000004,,0.7400000000000004,3.699988221578039,41.13673494526178,-0.07285528924589413,0.5027823421671875,-7.509443743465698,0.12294475992401727,1.434939163375801,0.11462421925526799,0.2147193194881801,0.02631578947368421,0.0,0.11842105263157894,0.0,14.0,60.0
pn,pilot_easy,46,intercept,True,0.6900000000000004,0.6800000000000004,,,3.727104076948446,40.26430313580213,0.11461250336547046,0.5061035462221429,-0.42768478721253916,0.1327879013719804,1.0493600693337573,0.44620359751743555,0.0047975947441295285,0.0,0.0,0.028985507246376812,0.0,14.0,60.0
pn,pilot_easy,47,intercept,False,0.7400000000000004,0.7300000000000004,,0.7100000000000004,3.6701587616657187,37.12503700459029,-0.12615866025081257,-0.12446932340791657,-9.185587555899547,0.12002069105444176,1.2720309640823686,0.012431962372611214,0.27908334386139805,0.04054054054054054,0.013513513513513514,0.13513513513513514,0.0,14.0,60.0
pn,pilot_easy,48,intercept,True,0.7400000000000004,0.7300000000000004,,,3.441904541466824,40.581506145684656,0.008012342938599981,0.5016851257805716,-5.619085863105981,0.12810297709476895,1.036818119939826,0.24899986574001426,0.1250038917663367,0.0,0.0,0.0945945945945946,0.0,14.0,60.0
pn,pilot_easy,49,intercept,False,0.7700000000000005,0.7600000000000005,,0.7500000000000004,3.4951600666540696,41.708593755288746,-0.1187402147080755,-0.9013772408229872,-10.00021323956153,0.12208997298169429,1.14848599647031,0.040053166523033576,0.2775730679238035,0.025974025974025976,0.012987012987012988,0.11688311688311688,0.0,14.0,60.0
pn,pilot_easy,50,intercept,False,0.7900000000000005,0.7800000000000005,,0.7700000000000005,3.6323041141366903,40.64736435679686,-0.13163745197467225,0.5066891044709286,-9.681389332672557,0.1211474884511041,1.452460030351946,0.03245153774874417,0.288717462795988,0.02531645569620253,0.0,0.12658227848101267,0.0,14.0,60.0
pn,pilot_easy,51,intercept,True,0.6800000000000004,0.6700000000000004,,,3.713433602063419,38.55274996694093,-0.048692960140824915,0.50640344403022,-6.338793879604391,0.1226984288318764,1.5572803179108705,0.11954815919700265,0.18287574641139975,0.014705882352941176,0.0,0.1323529411764706,0.0,14.0,60.0
pn,pilot_easy,52,intercept,False,0.7300000000000004,0.7200000000000004,,0.7100000000000004,3.5292241536544307,40.690453304919615,-0.0722326728491478,0.5061818231622116,-8.201812810267072,0.1237662135220537,1.3995291662122362,0.10146413163099663,0.2190322901203345,0.0273972602739726,0.0,0.1095890410958904,0.0,14.0,60.0
pn,pilot_easy,53,intercept,True,0.6100000000000003,0.6000000000000003,,,3.498684393972965,35.76827451001875,-0.0017146013246051028,0.5054920984524932,-4.881452697983115,0.12504450443482226,1.4382598043393153,0.1811184044390963,0.1275977256338123,0.01639344262295082,0.0,0.11475409836065574,0.0,14.0,60.0
pn,pilot_easy,54,intercept,True,0.6600000000000004,0.6500000000000004,,,3.3729875991003797,40.373851909403584,0.11123775656119927,0.5079741567330377,-0.7889409356821111,0.13285301033787364,0.9446339538825379,0.4370832806987043,0.009948294655084457,0.0,0.0,0.030303030303030304,0.0,14.0,60.0
pn,pilot_easy,55,intercept,True,0.6800000000000004,0.6700000000000004,,,3.377687319151909,37.724816092199305,0.08915431012566555,0.5099715437764938,-1.7151668594350082,0.13147053075050313,1.0688102830886692,0.39241708988200336,0.02897783659718758,0.0,0.0,0.058823529411764705,0.0,14.0,60.0
pn,pilot_easy,56,intercept,True,0.6900000000000004,0.6800000000000004,,,3.279012962166742,38.226850530218805,0.08623006409368916,0.5042615297121139,-2.074011895285097,0.1316810611965543,0.9383822955477209,0.38799656791082116,0.0342823371133712,0.0,0.0,0.057971014492753624,0.0,14.0,60.0
pn,pilot_easy,57,intercept,True,0.7000000000000004,0.6900000000000004,,,3.3970001493706095,36.15823033658991,0.0317591507881978,0.5106963606123337,-4.062959660475279,0.12815764675166547,1.4480469566817065,0.2818458348925147,0.09103394770529236,0.0,0.0,0.08571428571428572,0.0,14.0,60.0
pn,pilot_easy,58,breach,False,3.239999999999975,,3.229999999999975,0.7900000000000005,3.90401433924329,2.9366041723554734,-0.8842845642149956,-4.803048684027714,-14.016046835403333,0.05742452967279288,2.0695576787738226,0.18092891700330682,1.311786407486418,0.12037037037037036,0.021604938271604937,0.07407407407407407,0.0,14.0,60.0
pn,pilot_easy,59,intercept,True,0.7100000000000004,0.7000000000000004,,,3.5320709037043816,43.09552617453171,0.1181075271699834,0.5122511937098839,-0.41487105603933,0.13326158677409383,0.8360176530366886,0.45399012867319816,0.0041487105603933,0.0,0.0,0.014084507042253521,0.0,14.0,60.0
range_only,pilot_easy,0,intercept,True,0.7300000000000004,0.7200000000000004,,,3.767706196737301,36.223905314710976,0.11383539435769463,0.6542860849378844,-0.17259105215766618,0.12718880866247717,2.5002416362599735,0.43715980706469015,0.003758128422257126,0.0,0.0,0.0547945205479452,0.0,14.0,60.0
range_only,pilot_easy,1,intercept,True,0.6800000000000004,0.6700000000000004,,,3.5432961703820514,37.68397763408964,0.11827075461450398,0.9489642537311598,-0.10831236326323575,0.12776162154749973,2.2532143282909187,0.43105440981202164,0.0013047370293103996,0.0,0.0,0.029411764705882353,0.0,14.0,60.0
range_only,pilot_easy,2,intercept,True,0.7600000000000005,0.7500000000000004,,,3.254306201194433,38.59238146133632,0.11639352921214341,0.6845404264835786,0.0748766204649191,0.1277522402803934,2.276046537135904,0.4262425733691732,0.0,0.0,0.0,0.0,0.0,14.0,60.0
range_only,pilot_easy,3,intercept,True,0.8400000000000005,0.8300000000000005,,,3.31943671024682,39.473434554763166,0.0926622902483597,0.6522473255533544,-0.5281933040707341,0.12178245116260798,2.71195840972329,0.41361938325992337,0.02044075198869628,0.0,0.0,0.08333333333333333,0.0,14.0,60.0
range_only,pilot_easy,4,intercept,True,0.7800000000000005,0.7700000000000005,,,3.6423204177697435,39.16081911919779,0.0805308631634396,0.04387881992448932,-1.1651313853773246,0.11807026930403552,3.0475279033474587,0.3363050146478949,0.053686744924768375,0.0,0.0,0.16666666666666666,0.0,14.0,60.0
range_only,pilot_easy,5,intercept,True,0.5800000000000003,0.5700000000000003,,,3.5895733314591536,35.39474715970643,0.110632062255272,0.8913645683107662,-0.5687944234850963,0.12799829931080403,2.251374107210654,0.4398283309586752,0.008161795274313868,0.0,0.0,0.034482758620689655,0.0,14.0,60.0
range_only,pilot_easy,6,intercept,True,0.7100000000000004,0.7000000000000004,,,3.750595725996465,36.60537734319922,0.11640778885113445,0.7190201559523622,-0.10385168399141771,0.12815590556575504,2.194245494109055,0.4450807948046561,0.0010385168399141772,0.0,0.0,0.014084507042253521,0.0,14.0,60.0
range_only,pilot_easy,7,intercept,True,0.5900000000000003,0.5800000000000003,,,3.6805170067715416,36.47592696772508,0.12562542756863693,0.5862383131342871,0.2421638705863483,0.1308598044351476,1.7837327252502002,0.44488444006292344,0.0,0.0,0.0,0.0,0.0,14.0,60.0
range_only,pilot_easy,8,intercept,True,0.8100000000000005,0.8000000000000005,,,3.5689143074587486,41.292665084683364,0.11138199155574202,0.5167862738953856,-0.806754653037919,0.12719694777726814,2.2382325981826674,0.40732638475933036,0.009772445765343378,0.0,0.0,0.024691358024691357,0.0,14.0,60.0
range_only,pilot_easy,9,intercept,True,0.6300000000000003,0.6200000000000003,,,3.6288535408884615,36.40938601730411,0.10984774877118386,0.7939881542527727,-0.24520292685201212,0.12743775536593552,2.38843036345553,0.43835485829606646,0.003972515465270995,0.0,0.0,0.047619047619047616,0.0,14.0,60.0
range_only,pilot_easy,10,intercept,True,0.8200000000000005,0.8100000000000005,,,3.760063926720321,38.98384480193132,0.1189420584482469,0.7651024469790667,0.11276787064680953,0.12916746036875748,2.191473439980772,0.4432732892361196,0.0,0.0,0.0,0.0,0.0,14.0,60.0
range_only,pilot_easy,11,intercept,True,0.7400000000000004,0.7300000000000004,,,3.6008587953452107,40.55335550216178,0.1204967439769542,0.6664519605682251,-0.18790171203210387,0.1295083177553633,1.992945882388695,0.44135904952945043,0.0018790171203210387,0.0,0.0,0.013513513513513514,0.0,14.0,60.0
range_only,pilot_easy,12,intercept,True,0.7700000000000005,0.7600000000000005,,,3.668124550391021,38.685368239267994,0.11050955590715339,0.707423492346132,-0.22226879457395915,0.12589456580105637,2.55501059334115,0.4276834507917986,0.00290458774389287,0.0,0.0,0.025974025974025976,0.0,14.0,60.0
range_only,pilot_easy,13,intercept,True,0.7200000000000004,0.7100000000000004,,,3.518115164305123,35.62252886651475,0.12206039874776753,0.6004382552233475,-0.11040682687162724,0.13011555683026366,1.8931092261802245,0.44626722264064056,0.0011040682687162725,0.0,0.0,0.013888888888888888,0.0,14.0,60.0
range_only,pilot_easy,14,intercept,True,0.7900000000000005,0.7800000000000005,,,3.5388681976769107,37.3404448240878,0.11455847389313167,0.8506936929136479,0.08549706508210102,0.12510854478247324,2.7654108812551152,0.4312765384135787,0.0,0.0,0.0,0.0,0.0,14.0,60.0
range_only,pilot_easy,15,intercept,True,0.8700000000000006,0.8600000000000005,,,3.7922430880968614,38.43051345962226,0.11527972084470173,0.7556947048800076,-0.7231028364610188,0.12905691960820434,2.0140899496508538,0.41455985852521415,0.00971148419256836,0.0,0.0,0.04597701149425287,0.0,14.0,60.0
range_only,pilot_easy,16,intercept,True,0.7000000000000004,0.6900000000000004,,,3.459970917742171,40.73574684953141,0.10931814179050348,0.6239370292558046,-0.2649429921166448,0.12595715372530483,2.4381823769567617,0.42401002421227996,0.0035287463852298117,0.0,0.0,0.02857142857142857,0.0,14.0,60.0
range_only,pilot_easy,17,intercept,True,0.7800000000000005,0.7700000000000005,,,3.4375085751649594,35.02886249965814,0.12326543346406771,0.7210655480156283,-0.2697983255718371,0.129749815684525,1.9763596545375226,0.45215294017479896,0.0027901339235070215,0.0,0.0,0.02564102564102564,0.0,14.0,60.0
range_only,pilot_easy,18,intercept,True,0.7400000000000004,0.7300000000000004,,,3.7342594766986763,35.30633803921215,0.12156828726756075,0.7632942485739305,-0.02439458628255227,0.12865840094533285,2.1937869512211123,0.43751208161080063,0.0002439458628255227,0.0,0.0,0.013513513513513514,0.0,14.0,60.0
range_only,pilot_easy,19,intercept,True,0.6600000000000004,0.6500000000000004,,,3.510925592837699,34.53477153148397,0.11058307167991421,0.5619425040736576,-0.10352568372189104,0.13010322319114534,1.7975758968636233,0.4517572865572766,0.002648584643400847,0.0,0.0,0.06060606060606061,0.0,14.0,60.0
range_only,pilot_easy,20,intercept,True,0.7500000000000004,0.7400000000000004,,,3.4234968391473073,38.982572364237825,0.1192524914530092,0.6100287916200491,0.23516965908066906,0.12891246384481897,1.9635236733163033,0.4460023399019812,0.0,0.0,0.0,0.0,0.0,14.0,60.0
range_only,pilot_easy,21,intercept,True,0.7400000000000004,0.7300000000000004,,,3.295567463329482,41.03315290873151,0.10596827329677472,0.6694000339142722,-0.36449820926082294,0.12604476142457366,2.2750467997694286,0.4250408802378598,0.006315498357412379,0.0,0.0,0.04054054054054054,0.0,14.0,60.0
range_only,pilot_easy,22,intercept,True,0.6400000000000003,0.6300000000000003,,,3.3826906380712316,34.490313434185126,0.11623915379454763,0.575984114216091,-0.1909180266531511,0.12443624556154413,2.848480531430952,0.40859608137660847,0.0027302463258073195,0.0,0.0,0.03125,0.0,14.0,60.0
range_only,pilot_easy,23,intercept,True,0.7100000000000004,0.7000000000000004,,,3.780644071195259,39.341816560011964,0.10574743264666031,0.9391394011954342,-0.1709166479598539,0.12600623252303597,2.516226409903603,0.42167760460002474,0.0064223569019728815,0.0,0.0,0.07042253521126761,0.0,14.0,60.0
range_only,pilot_easy,24,intercept,True,0.7400000000000004,0.7300000000000004,,,3.603986215814898,36.54341038938709,0.1024985034655026,0.6947398269095074,-0.1862167489456688,0.12441760458332193,2.6075567084674454,0.43181188846615376,0.004892312995850964,0.0,0.0,0.06756756756756757,0.0,14.0,60.0
range_only,pilot_easy,25,intercept,True,0.7900000000000005,0.7800000000000005,,,3.668567143491705,41.19233253619849,0.11290326458720668,0.8261047990521084,-0.35468987848296013,0.1266190849573341,2.3540359255000185,0.4162462348999506,0.003587026168223676,0.0,0.0,0.02531645569620253,0.0,14.0,60.0
range_only,pilot_easy,26,intercept,True,0.8400000000000005,0.8300000000000005,,,3.2829836011018587,40.199239959251564,0.10233145130943921,0.5573520574166988,-0.1731490853809619,0.12350315425011518,2.807506598353262,0.41428797715804083,0.0022654226947988578,0.0,0.0,0.023809523809523808,0.0,14.0,60.0
range_only,pilot_easy,27,intercept,True,0.7400000000000004,0.7300000000000004,,,3.7698448389806396,38.3090289115866,0.11969562078916707,0.6668755459698599,-0.1375484748027696,0.13021672066358253,1.8465959408822312,0.4544682972337434,0.0013754847480276962,0.0,0.0,0.013513513513513514,0.0,14.0,60.0
range_only,pilot_easy,28,intercept,True,0.7700000000000005,0.7600000000000005,,,3.2554988863121457,37.78102729274627,0.10183380271918885,0.7706786826806447,-0.044615827540130173,0.12329198498052064,2.890830657287145,0.41860457150006797,0.0004922772956626245,0.0,0.0,0.025974025974025976,0.0,14.0,60.0
range_only,pilot_easy,29,intercept,True,0.7700000000000005,0.7600000000000005,,,3.425245953602217,38.19014587075716,0.1068480769070993,0.6674002489799963,-0.4187708646868216,0.12511991910711215,2.460301513759668,0.4135465868584663,0.005600167743148719,0.0,0.0,0.05194805194805195,0.0,14.0,60.0
range_only,pilot_easy,30,intercept,True,0.7400000000000004,0.7300000000000004,,,3.3793431964232727,37.217834412617805,0.1239086521449817,0.7786674394426037,0.13438097068046678,0.13096510782683268,1.7315407209760392,0.45529951021506215,0.0,0.0,0.0,0.0,0.0,14.0,60.0
range_only,pilot_easy,31,intercept,True,0.6500000000000004,0.6400000000000003,,,3.51661592444083,34.82828822117036,0.11261186456970529,0.5490825530791554,-0.06685702961341046,0.12691559642104355,2.3346735489737114,0.42364114056984814,0.0006685702961341046,0.0,0.0,0.015384615384615385,0.0,14.0,60.0
range_only,pilot_easy,32,intercept,True,0.8400000000000005,0.8300000000000005,,,3.4988396151528094,40.31981041052151,0.09230685529399996,0.6608071674700959,-0.8690509090961773,0.12035385081168909,3.0581237855588492,0.3751637110784276,0.026500185197504612,0.0,0.0,0.11904761904761904,0.0,14.0,60.0
range_only,pilot_easy,33,intercept,True,0.7900000000000005,0.7800000000000005,,,3.6262425464668473,40.52642511217498,0.10996981498332403,0.5119528098907704,0.015316904385063265,0.1280543068826498,2.172051585367479,0.4355755471286371,0.0,0.0,0.0,0.0,0.0,14.0,60.0
range_only,pilot_easy,34,intercept,True,0.8200000000000005,0.8100000000000005,,,3.5955727953141805,37.13860254771959,0.11259052866051367,0.6286019144189137,-0.22816319958969505,0.12807430360348473,2.2357000513601095,0.43647429947903277,0.002540143052556908,0.0,0.0,0.024390243902439025,0.0,14.0,60.0
range_only,pilot_easy,35,intercept,True,0.8000000000000005,0.7900000000000005,,,3.5912930330149417,36.72211584593877,0.11049896085349409,0.8816068124443186,-0.2338057016793575,0.12618255500746348,2.461756691005099,0.4308748067414404,0.004865730806160462,0.0,0.0,0.0375,0.0,14.0,60.0
range_only,pilot_easy,36,intercept,True,0.8000000000000005,0.7900000000000005,,,3.4531496205094467,38.39711925877553,0.12293859019441677,0.6079192724009841,-0.23454448428629743,0.13066852723166292,1.8103952610277532,0.43408210520944357,0.002345444842862974,0.0,0.0,0.0125,0.0,14.0,60.0
range_only,pilot_easy,37,intercept,True,0.7100000000000004,0.7000000000000004,,,3.6536540949229113,35.8581024571781,0.08988703071887516,0.596805004465559,-0.29749777080392187,0.12386755168746806,2.7647474662790534,0.4084864668032887,0.008293772462116171,0.0,0.0,0.07042253521126761,0.0,14.0,60.0
range_only,pilot_easy,38,intercept,True,0.7100000000000004,0.7000000000000004,,,3.4114443023362746,37.98093776605461,0.11669951301015491,0.5547525420223754,-0.24786348987618295,0.12823774279997296,1.9877525186621579,0.41478630624960017,0.0027799901410298596,0.0,0.0,0.028169014084507043,0.0,14.0,60.0
range_only,pilot_easy,39,intercept,True,0.7100000000000004,0.7000000000000004,,,3.4322475303878255,37.60125320863414,0.09755884525506786,0.6600771346224067,-0.6655836420278067,0.1269198210774069,2.1102958365257205,0.42392470880274813,0.014730780261141302,0.0,0.0,0.07042253521126761,0.0,14.0,60.0
range_only,pilot_easy,40,intercept,True,0.7100000000000004,0.7000000000000004,,,3.727457189942753,34.11222838980376,0.10617542649855793,0.9409475697284448,0.13929863190331937,0.12266936229926544,3.0394896748872933,0.42362217782994416,0.0,0.0,0.0,0.0,0.0,14.0,60.0
range_only,pilot_easy,41,intercept,True,0.7600000000000005,0.7500000000000004,,,3.377013542623877,39.749852957423556,0.10147941340113387,0.7297793495008218,-0.19416516333856088,0.12058159227674625,3.110019054872845,0.4178390010768844,0.006319631171771949,0.0,0.0,0.09210526315789473,0.0,14.0,60.0
range_only,pilot_easy,42,intercept,True,0.7700000000000005,0.7600000000000005,,,3.3003954502813846,40.82321066170355,0.09564782081237877,0.639566997934847,-0.21146667105145872,0.11971032431099342,3.149319956210839,0.4067187633403217,0.003957505967190972,0.0,0.0,0.05194805194805195,0.0,14.0,60.0
range_only,pilot_easy,43,intercept,True,0.6600000000000004,0.6500000000000004,,,3.5068018161610586,36.53017295195027,0.11676318453547052,0.6136196660436184,-0.10103790901731009,0.12827824081660838,2.1328554086013556,0.44209878470015257,0.001010379090173101,0.0,0.0,0.015151515151515152,0.0,14.0,60.0
range_only,pilot_easy,44,intercept,True,0.7400000000000004,0.7300000000000004,,,3.7550295181225946,36.909789876299655,0.1148406860036495,0.6093919014987559,-0.12708083583669766,0.1288111645159239,1.957863692548348,0.43259240132267057,0.0012708083583669765,0.0,0.0,0.013513513513513514,0.0,14.0,60.0
range_only,pilot_easy,45,intercept,True,0.8100000000000005,0.8000000000000005,,,3.705576692908251,40.34830914525112,0.1168492407773215,0.558849883188554,0.1485109703659928,0.1295407388487247,1.8335439812487935,0.44778620911753686,0.0,0.0,0.0,0.0,0.0,14.0,60.0
range_only,pilot_easy,46,intercept,True,0.7300000000000004,0.7200000000000004,,,3.6763149392307946,39.59855090008796,0.11182093018660622,0.6085968820597535,0.0415566093266672,0.12557972205298074,2.464440663537989,0.4312427062740945,0.0,0.0,0.0,0.0,0.0,14.0,60.0
range_only,pilot_easy,47,intercept,True,0.7700000000000005,0.7600000000000005,,,3.3674864452657705,36.635625825035085,0.10951803470312593,0.9956953267478525,0.12220266961282837,0.12205898427388806,2.960247784469228,0.42426301725599475,0.0,0.0,0.0,0.0,0.0,14.0,60.0
range_only,pilot_easy,48,intercept,True,0.7800000000000005,0.7700000000000005,,,3.385523287311333,39.93679267279161,0.12290122514181956,0.6084903878757086,-0.35683910957403736,0.13043875649065811,1.7764596174708425,0.4354395225906606,0.0035683910957403737,0.0,0.0,0.01282051282051282,0.0,14.0,60.0
range_only,pilot_easy,49,intercept,True,0.7900000000000005,0.7800000000000005,,,3.720477699698972,41.39338011656168,0.10724116476822865,1.0626770806460646,-0.07093713808583553,0.12550115008977342,2.6901228516409477,0.43114097298466314,0.0007093713808583554,0.0,0.0,0.012658227848101266,0.0,14.0,60.0
range_only,pilot_easy,50,intercept,True,0.8400000000000005,0.8300000000000005,,,3.461071919315123,39.79036280248345,0.10385721865857567,0.547464811165235,-0.48480515692555065,0.12141399339144489,3.0770516414772775,0.3939812992286042,0.01806627728974311,0.0,0.0,0.09523809523809523,0.0,14.0,60.0
range_only,pilot_easy,51,intercept,True,0.7000000000000004,0.6900000000000004,,,3.598482760023378,38.21937767126876,0.08652857832060479,0.6335271547709893,-1.0174388009996578,0.12126242194002468,2.841610711179398,0.3861779943749352,0.021901411241597696,0.0,0.0,0.1,0.0,14.0,60.0
range_only,pilot_easy,52,intercept,True,0.7700000000000005,0.7600000000000005,,,3.334258955503096,40.00601672463941,0.08905805224664487,0.9223837278806283,-1.1360452473942249,0.1212619990085589,3.092085005393632,0.40524931375940415,0.026246442445586902,0.0,0.0,0.09090909090909091,0.0,14.0,60.0
range_only,pilot_easy,53,intercept,True,0.6400000000000003,0.6300000000000003,,,3.662969282348046,35.280069917334615,0.10369137718060062,0.5679808037689892,-0.0673686747355184,0.12337032414324528,2.7926164406150926,0.4249772869745754,0.000673686747355184,0.0,0.0,0.015625,0.0,14.0,60.0
range_only,pilot_easy,54,intercept,True,0.7000000000000004,0.6900000000000004,,,3.3842245739257475,39.68634767886139,0.11193166048569902,0.8631282490479054,0.06549479330279893,0.12804364249155153,2.1243954392576545,0.43650885241277404,0.0,0.0,0.0,0.0,0.0,14.0,60.0
range_only,pilot_easy,55,intercept,True,0.7100000000000004,0.7000000000000004,,,3.7031548233767713,37.20716023384954,0.11466076103140987,0.6728721480895162,0.0013548973271508696,0.12904996291567644,2.0861908453853593,0.445934221955744,0.0,0.0,0.0,0.0,0.0,14.0,60.0
range_only,pilot_easy,56,intercept,True,0.7400000000000004,0.7300000000000004,,,3.48676655353655,37.40877941926274,0.09511112444362446,0.9204853213570081,-0.16013801101440245,0.12374534625812816,2.7305594445886094,0.4084461282121204,0.0025197495933142688,0.0,0.0,0.05405405405405406,0.0,14.0,60.0
range_only,pilot_easy,57,intercept,True,0.7300000000000004,0.7200000000000004,,,3.6321791867385023,35.67159384078578,0.10507030824444463,0.5559125765748175,-0.0703983012042861,0.12841263977742043,2.1414786786447415,0.4455339121884179,0.0009740401861184188,0.0,0.0,0.0410958904109589,0.0,14.0,60.0
range_only,pilot_easy,58,intercept,True,0.8800000000000006,0.8700000000000006,,,3.696372665554009,40.257614493061226,0.10983312377300314,0.8557413408847593,-0.9103759379802872,0.12732388355694665,2.292479271872688,0.4160321370217858,0.019021270382989355,0.0,0.0,0.045454545454545456,0.0,14.0,60.0
range_only,pilot_easy,59,intercept,True,0.7700000000000005,0.7600000000000005,,,3.356713018544233,42.11835026729889,0.09890654867560433,0.7564385373206686,0.03155103231828903,0.12313088376873027,2.8904014338661685,0.4222546948635185,0.0,0.0,0.0,0.0,0.0,14.0,60.0
visibility_cost,pilot_easy,0,intercept,True,0.7300000000000004,0.7200000000000004,,,3.767706196737301,36.223905314710976,0.11383539435769463,0.6542860849378844,-0.17259105215766618,0.12718880866247717,2.5002416362599735,0.43715980706469015,0.003758128422257126,0.0,0.0,0.0547945205479452,0.0,14.0,60.0
visibility_cost,pilot_easy,1,intercept,True,0.6800000000000004,0.6700000000000004,,,3.5432961703820514,37.68397763408964,0.11827075461450398,0.9489642537311598,-0.10831236326323575,0.12776162154749973,2.2532143282909187,0.43105440981202164,0.0013047370293103996,0.0,0.0,0.029411764705882353,0.0,14.0,60.0
visibility_cost,pilot_easy,2,intercept,True,0.7600000000000005,0.7500000000000004,,,3.254306201194433,38.59238146133632,0.11639352921214341,0.6845404264835786,0.0748766204649191,0.1277522402803934,2.276046537135904,0.4262425733691732,0.0,0.0,0.0,0.0,0.0,14.0,60.0
visibility_cost,pilot_easy,3,intercept,True,0.8400000000000005,0.8300000000000005,,,3.319436710246823,39.473434554763166,0.0926622902483597,0.6522473255533544,-0.5281933040707341,0.12178245116260794,2.7119584097232896,0.4136193832599233,0.02044075198869628,0.0,0.0,0.08333333333333333,0.0,14.0,60.0
visibility_cost,pilot_easy,4,intercept,True,0.7500000000000004,0.7400000000000004,,,3.775426105909073,39.66698148832564,0.0969395553146809,1.0074053135726528,-0.025150859774743364,0.12290126978471481,2.6396329227410598,0.42147684289493736,0.0002918840726320751,0.0,0.0,0.02666666666666667,0.0,14.0,60.0
visibility_cost,pilot_easy,5,intercept,True,0.5800000000000003,0.5700000000000003,,,3.4147780205300364,35.39183176634022,0.10612368920788906,0.7227394442988524,-0.5687944234850963,0.12370013110369255,2.717234401366065,0.42441151012614325,0.008161795274313868,0.0,0.0,0.034482758620689655,0.0,14.0,60.0
visibility_cost,pilot_easy,6,intercept,True,0.7100000000000004,0.7000000000000004,,,3.749990264417399,36.60536131171411,0.11640778885113445,0.663603920383152,-0.10385168399141771,0.12836508101286812,2.1532531274585267,0.44757709674987767,0.0010385168399141772,0.0,0.0,0.014084507042253521,0.0,14.0,60.0
visibility_cost,pilot_easy,7,intercept,True,0.5900000000000003,0.5800000000000003,,,3.7959616881941063,36.476169694065085,0.12000293710035648,0.8826081095075081,-0.159131040552349,0.1288017226353846,2.0476193135871945,0.4409563184618858,0.00159131040552349,0.0,0.0,0.01694915254237288,0.0,14.0,60.0
visibility_cost,pilot_easy,8,intercept,True,0.8100000000000005,0.8000000000000005,,,3.5689143074587486,41.292665084683364,0.11138199155574202,0.5167862738953856,-0.806754653037919,0.12719694777726814,2.2382325981826674,0.40732638475933036,0.009772445765343378,0.0,0.0,0.024691358024691357,0.0,14.0,60.0
visibility_cost,pilot_easy,9,intercept,True,0.6300000000000003,0.6200000000000003,,,3.6288535408884615,36.40938601730411,0.10984774877118386,0.7939881542527727,-0.24520292685201212,0.12743775536593552,2.38843036345553,0.43835485829606646,0.003972515465270995,0.0,0.0,0.047619047619047616,0.0,14.0,60.0
visibility_cost,pilot_easy,10,intercept,True,0.8200000000000005,0.8100000000000005,,,3.760063926720321,38.98384480193132,0.1189420584482469,0.7651024469790667,0.11276787064680953,0.12916746036875748,2.191473439980772,0.4432732892361196,0.0,0.0,0.0,0.0,0.0,14.0,60.0
visibility_cost,pilot_easy,11,intercept,True,0.7400000000000004,0.7300000000000004,,,3.6008587953452107,40.55335550216178,0.1204967439769542,0.6664519605682251,-0.18790171203210387,0.1295083177553633,1.992945882388695,0.44135904952945043,0.0018790171203210387,0.0,0.0,0.013513513513513514,0.0,14.0,60.0
visibility_cost,pilot_easy,12,intercept,True,0.7700000000000005,0.7600000000000005,,,3.668124550391021,38.685368239267994,0.11050955590715339,0.707423492346132,-0.22226879457395915,0.12589456580105637,2.55501059334115,0.4276834507917986,0.00290458774389287,0.0,0.0,0.025974025974025976,0.0,14.0,60.0
visibility_cost,pilot_easy,13,intercept,True,0.7200000000000004,0.7100000000000004,,,3.518115164305123,35.62252886651475,0.12206039874776753,0.6004382552233475,-0.11040682687162724,0.13011555683026366,1.8931092261802245,0.44626722264064056,0.0011040682687162725,0.0,0.0,0.013888888888888888,0.0,14.0,60.0
visibility_cost,pilot_easy,14,intercept,True,0.7900000000000005,0.7800000000000005,,,3.5388681976769107,37.3404448240878,0.11455847389313167,0.8506936929136479,0.08549706508210102,0.12510854478247324,2.7654108812551152,0.4312765384135787,0.0,0.0,0.0,0.0,0.0,14.0,60.0
visibility_cost,pilot_easy,15,intercept,True,0.8700000000000006,0.8600000000000005,,,3.7922430880968614,38.43051345962226,0.11527972084470173,0.7556947048800076,-0.7231028364610188,0.12905691960820434,2.0140899496508538,0.41455985852521415,0.00971148419256836,0.0,0.0,0.04597701149425287,0.0,14.0,60.0
visibility_cost,pilot_easy,16,intercept,True,0.7000000000000004,0.6900000000000004,,,3.459970917742171,40.73574684953141,0.10931814179050348,0.6239370292558046,-0.2649429921166448,0.12595715372530483,2.4381823769567617,0.42401002421227996,0.0035287463852298117,0.0,0.0,0.02857142857142857,0.0,14.0,60.0
visibility_cost,pilot_easy,17,intercept,True,0.7800000000000005,0.7700000000000005,,,3.4375085751649594,35.02886249965814,0.12326543346406771,0.7210655480156283,-0.2697983255718371,0.129749815684525,1.9763596545375226,0.45215294017479896,0.0027901339235070215,0.0,0.0,0.02564102564102564,0.0,14.0,60.0
visibility_cost,pilot_easy,18,intercept,True,0.7400000000000004,0.7300000000000004,,,3.7342594766986763,35.30633803921215,0.12156828726756075,0.7632942485739305,-0.02439458628255227,0.12865840094533285,2.1937869512211123,0.43751208161080063,0.0002439458628255227,0.0,0.0,0.013513513513513514,0.0,14.0,60.0
visibility_cost,pilot_easy,19,intercept,True,0.6600000000000004,0.6500000000000004,,,3.510925592837699,34.53477153148397,0.11058307167991421,0.5619425040736576,-0.10352568372189104,0.13010322319114534,1.7975758968636233,0.4517572865572766,0.002648584643400847,0.0,0.0,0.06060606060606061,0.0,14.0,60.0
visibility_cost,pilot_easy,20,intercept,True,0.7500000000000004,0.7400000000000004,,,3.4234968391473073,38.982572364237825,0.1192524914530092,0.6100287916200491,0.23516965908066906,0.12891246384481897,1.9635236733163033,0.4460023399019812,0.0,0.0,0.0,0.0,0.0,14.0,60.0
visibility_cost,pilot_easy,21,intercept,True,0.7400000000000004,0.7300000000000004,,,3.295567463329482,41.03315290873151,0.10596827329677472,0.6694000339142722,-0.36449820926082294,0.12604476142457366,2.2750467997694286,0.4250408802378598,0.006315498357412379,0.0,0.0,0.04054054054054054,0.0,14.0,60.0
visibility_cost,pilot_easy,22,intercept,True,0.6400000000000003,0.6300000000000003,,,3.3826906380712316,34.490313434185126,0.11623915379454763,0.575984114216091,-0.1909180266531511,0.12443624556154413,2.848480531430952,0.40859608137660847,0.0027302463258073195,0.0,0.0,0.03125,0.0,14.0,60.0
visibility_cost,pilot_easy,23,intercept,True,0.7100000000000004,0.7000000000000004,,,3.780644071195259,39.341816560011964,0.10574743264666031,0.9391394011954342,-0.1709166479598539,0.12600623252303597,2.516226409903603,0.42167760460002474,0.0064223569019728815,0.0,0.0,0.07042253521126761,0.0,14.0,60.0
visibility_cost,pilot_easy,24,intercept,True,0.7400000000000004,0.7300000000000004,,,3.603986215814898,36.54341038938709,0.1024985034655026,0.6947398269095074,-0.1862167489456688,0.12441760458332193,2.6075567084674454,0.43181188846615376,0.004892312995850964,0.0,0.0,0.06756756756756757,0.0,14.0,60.0
visibility_cost,pilot_easy,25,intercept,True,0.8000000000000005,0.7900000000000005,,,3.603365245256397,41.027857038811234,0.10856711270403074,0.5376903563273767,-1.0099943522504014,0.1273660689441218,2.2189043800496613,0.3939390068333955,0.014024856967558754,0.0,0.0,0.05,0.0,14.0,60.0
visibility_cost,pilot_easy,26,intercept,True,0.8400000000000005,0.8300000000000005,,,3.2829836011018063,40.199239959251564,0.10233145130943921,0.557352057412293,-0.1731490853809619,0.12350315425011711,2.8075065983526795,0.4142879771581396,0.0022654226947988578,0.0,0.0,0.023809523809523808,0.0,14.0,60.0
visibility_cost,pilot_easy,27,intercept,True,0.7400000000000004,0.7300000000000004,,,3.7698448389806396,38.3090289115866,0.11969562078916707,0.6668755459698599,-0.1375484748027696,0.13021672066358253,1.8465959408822312,0.4544682972337434,0.0013754847480276962,0.0,0.0,0.013513513513513514,0.0,14.0,60.0
visibility_cost,pilot_easy,28,intercept,True,0.7700000000000005,0.7600000000000005,,,3.255498128093782,37.78102729639019,0.10183380271918885,0.7706786826806447,-0.044615827540130173,0.12329196351416417,2.890837689292913,0.41860428130487487,0.0004922772956626245,0.0,0.0,0.025974025974025976,0.0,14.0,60.0
visibility_cost,pilot_easy,29,intercept,True,0.7700000000000005,0.7600000000000005,,,3.4252459849930315,38.19014587073461,0.1068480769070993,0.6674001398262405,-0.41877075711274564,0.12511991928689123,2.460301468744417,0.41354659099775826,0.005600166672976961,0.0,0.0,0.05194805194805195,0.0,14.0,60.0
visibility_cost,pilot_easy,30,intercept,True,0.7400000000000004,0.7300000000000004,,,3.3793431964232727,37.217834412617805,0.1239086521449817,0.7786674394426037,0.13438097068046678,0.13096510782683268,1.7315407209760392,0.45529951021506215,0.0,0.0,0.0,0.0,0.0,14.0,60.0
visibility_cost,pilot_easy,31,intercept,True,0.6500000000000004,0.6400000000000003,,,3.5599178227344073,34.82827350593458,0.11274916475574148,0.6697297098124437,0.07227611678390232,0.12931825773452746,1.9202766963747373,0.4415071623891457,0.0,0.0,0.0,0.0,0.0,14.0,60.0
visibility_cost,pilot_easy,32,intercept,True,0.8400000000000005,0.8300000000000005,,,3.4988414257649745,40.319810398940994,0.09230740648765279,0.6608071674700959,-0.869045651942921,0.12035382667448223,3.058128549805364,0.3751627290168146,0.026500331144193964,0.0,0.0,0.11904761904761904,0.0,14.0,60.0
visibility_cost,pilot_easy,33,intercept,True,0.7900000000000005,0.7800000000000005,,,3.6262425464668473,40.52642511217498,0.10996981498332403,0.5119528098907704,0.015316904385063265,0.1280543068826498,2.172051585367479,0.4355755471286371,0.0,0.0,0.0,0.0,0.0,14.0,60.0
visibility_cost,pilot_easy,34,intercept,True,0.8200000000000005,0.8100000000000005,,,3.5955727953141805,37.13860254771959,0.11259052866051367,0.6286019144189137,-0.22816319958969505,0.12807430360348473,2.2357000513601095,0.43647429947903277,0.002540143052556908,0.0,0.0,0.024390243902439025,0.0,14.0,60.0
visibility_cost,pilot_easy,35,intercept,True,0.8000000000000005,0.7900000000000005,,,3.5912930330149417,36.72211584593877,0.11049896085349409,0.8816068124443186,-0.2338057016793575,0.12618255500746348,2.461756691005099,0.4308748067414404,0.004865730806160462,0.0,0.0,0.0375,0.0,14.0,60.0
visibility_cost,pilot_easy,36,intercept,True,0.8000000000000005,0.7900000000000005,,,3.4531496205094467,38.39711925877553,0.12293859019441677,0.6079192724009841,-0.23454448428629743,0.13066852723166292,1.8103952610277532,0.43408210520944357,0.002345444842862974,0.0,0.0,0.0125,0.0,14.0,60.0
visibility_cost,pilot_easy,37,intercept,True,0.7100000000000004,0.7000000000000004,,,3.6536540949229113,35.8581024571781,0.08988703071887516,0.596805004465559,-0.29749777080392187,0.12386755168746806,2.7647474662790534,0.4084864668032887,0.008293772462116171,0.0,0.0,0.07042253521126761,0.0,14.0,60.0
visibility_cost,pilot_easy,38,intercept,True,0.7100000000000004,0.7000000000000004,,,3.4114443023362746,37.98093776605461,0.11669951301015491,0.5547525420223754,-0.24786348987618295,0.12823774279997296,1.9877525186621579,0.41478630624960017,0.0027799901410298596,0.0,0.0,0.028169014084507043,0.0,14.0,60.0
visibility_cost,pilot_easy,39,intercept,True,0.7100000000000004,0.7000000000000004,,,3.459513178866644,37.601000797042296,0.09751232951316802,0.6928428318972473,-0.6987330303048722,0.12674588887907706,2.217347471181914,0.4235662465438865,0.014852263626015213,0.0,0.0,0.07042253521126761,0.0,14.0,60.0
visibility_cost,pilot_easy,40,intercept,True,0.7100000000000004,0.7000000000000004,,,3.727457189942753,34.11222838980376,0.10617542649855793,0.9409475697284448,0.13929863190331937,0.12266936229926544,3.0394896748872933,0.42362217782994416,0.0,0.0,0.0,0.0,0.0,14.0,60.0
visibility_cost,pilot_easy,41,intercept,True,0.7500000000000004,0.7400000000000004,,,3.6638449097743817,39.91437566843363,0.10147941340113387,0.7297793495008218,-0.19416516333856088,0.12173543950663233,2.9692905691907234,0.4131696858158238,0.006319631171771949,0.0,0.0,0.09333333333333334,0.0,14.0,60.0
visibility_cost,pilot_easy,42,intercept,True,0.7700000000000005,0.7600000000000005,,,3.3003954502813846,40.82321066170355,0.09564782081237877,0.639566997934847,-0.21146667105145872,0.11971032431099342,3.149319956210839,0.4067187633403217,0.003957505967190972,0.0,0.0,0.05194805194805195,0.0,14.0,60.0
visibility_cost,pilot_easy,43,intercept,True,0.6600000000000004,0.6500000000000004,,,3.5068018161610586,36.53017295195027,0.11676318453547052,0.6136196660436184,-0.10103790901731009,0.12827824081660838,2.1328554086013556,0.44209878470015257,0.001010379090173101,0.0,0.0,0.015151515151515152,0.0,14.0,60.0
visibility_cost,pilot_easy,44,intercept,True,0.7400000000000004,0.7300000000000004,,,3.7550295181225946,36.909789876299655,0.1148406860036495,0.6093919014987559,-0.12708083583669766,0.1288111645159239,1.957863692548348,0.43259240132267057,0.0012708083583669765,0.0,0.0,0.013513513513513514,0.0,14.0,60.0
visibility_cost,pilot_easy,45,intercept,True,0.8100000000000005,0.8000000000000005,,,3.705576692908251,40.34830914525112,0.1168492407773215,0.558849883188554,0.1485109703659928,0.1295407388487247,1.8335439812487935,0.44778620911753686,0.0,0.0,0.0,0.0,0.0,14.0,60.0
visibility_cost,pilot_easy,46,intercept,True,0.7300000000000004,0.7200000000000004,,,3.6763149392307946,39.59855090008796,0.11182093018660622,0.6085968820597535,0.0415566093266672,0.12557972205298074,2.464440663537989,0.4312427062740945,0.0,0.0,0.0,0.0,0.0,14.0,60.0
visibility_cost,pilot_easy,47,intercept,True,0.7700000000000005,0.7600000000000005,,,3.3674864452657705,36.635625825035085,0.10951803470312593,0.9956953267478525,0.12220266961282837,0.12205898427388806,2.960247784469228,0.42426301725599475,0.0,0.0,0.0,0.0,0.0,14.0,60.0
visibility_cost,pilot_easy,48,intercept,True,0.7800000000000005,0.7700000000000005,,,3.385523287311333,39.93679267279161,0.12290122514181956,0.6084903878757086,-0.35683910957403736,0.13043875649065811,1.7764596174708425,0.4354395225906606,0.0035683910957403737,0.0,0.0,0.01282051282051282,0.0,14.0,60.0
visibility_cost,pilot_easy,49,intercept,True,0.7900000000000005,0.7800000000000005,,,3.720477699698972,41.39338011656168,0.10724116476822865,1.0626770806460646,-0.07093713808583553,0.12550115008977342,2.6901228516409477,0.43114097298466314,0.0007093713808583554,0.0,0.0,0.012658227848101266,0.0,14.0,60.0
visibility_cost,pilot_easy,50,intercept,True,0.8400000000000005,0.8300000000000005,,,3.461071919315123,39.79036280248345,0.10385721865857567,0.547464811165235,-0.48480515692555065,0.12141399339144489,3.0770516414772775,0.3939812992286042,0.01806627728974311,0.0,0.0,0.09523809523809523,0.0,14.0,60.0
visibility_cost,pilot_easy,51,intercept,True,0.7000000000000004,0.6900000000000004,,,3.598482760023378,38.21937767126876,0.08652857832060479,0.6335271547709893,-1.0174388009996578,0.12126242194002468,2.841610711179398,0.3861779943749352,0.021901411241597696,0.0,0.0,0.1,0.0,14.0,60.0
visibility_cost,pilot_easy,52,intercept,True,0.7700000000000005,0.7600000000000005,,,3.334258955503096,40.00601672463941,0.08905805224664487,0.9223837278806283,-1.1360452473942249,0.1212619990085589,3.092085005393632,0.40524931375940415,0.026246442445586902,0.0,0.0,0.09090909090909091,0.0,14.0,60.0
visibility_cost,pilot_easy,53,intercept,True,0.6400000000000003,0.6300000000000003,,,3.662969282348046,35.280069917334615,0.10369137718060062,0.5679808037689892,-0.0673686747355184,0.12337032414324528,2.7926164406150926,0.4249772869745754,0.000673686747355184,0.0,0.0,0.015625,0.0,14.0,60.0
visibility_cost,pilot_easy,54,intercept,True,0.7000000000000004,0.6900000000000004,,,3.3842245739257475,39.68634767886139,0.11193166048569902,0.8631282490479054,0.06549479330279893,0.12804364249155153,2.1243954392576545,0.43650885241277404,0.0,0.0,0.0,0.0,0.0,14.0,60.0
visibility_cost,pilot_easy,55,intercept,True,0.7200000000000004,0.7100000000000004,,,3.766623882714547,37.03458871694702,0.09894006224010987,0.8995388993469053,-0.2341766764734507,0.12617990544384852,2.2923144949207064,0.4285064710520838,0.006547257857076672,0.0,0.0,0.06944444444444445,0.0,14.0,60.0
visibility_cost,pilot_easy,56,intercept,True,0.7400000000000004,0.7300000000000004,,,3.5330670592448956,37.40876882828001,0.09511112444362446,0.9204853213570081,-0.16013801101440245,0.12342352768138097,2.7599869314621763,0.40431040642277843,0.0023703777000290967,0.0,0.0,0.05405405405405406,0.0,14.0,60.0
visibility_cost,pilot_easy,57,intercept,True,0.7300000000000004,0.7200000000000004,,,3.6321791867385023,35.67159384078578,0.10507030824444463,0.5559125765748175,-0.0703983012042861,0.12841263977742043,2.1414786786447415,0.4455339121884179,0.0009740401861184188,0.0,0.0,0.0410958904109589,0.0,14.0,60.0
visibility_cost,pilot_easy,58,intercept,True,0.8800000000000006,0.8700000000000006,,,3.696372665554009,40.257614493061226,0.10983312377300314,0.8557413408847593,-0.9103759379802872,0.12732388355694665,2.292479271872688,0.4160321370217858,0.019021270382989355,0.0,0.0,0.045454545454545456,0.0,14.0,60.0
visibility_cost,pilot_easy,59,intercept,True,0.7700000000000005,0.7600000000000005,,,3.356713018544233,42.11835026729889,0.09890654867560433,0.7564385373206686,0.03155103231828903,0.12313088376873027,2.8904014338661685,0.4222546948635185,0.0,0.0,0.0,0.0,0.0,14.0,60.0
feasibility_aware,pilot_easy,0,intercept,True,0.7300000000000004,0.7200000000000004,,,3.767706196737301,36.223905314710976,0.11383539435769463,0.6542860849378844,-0.17259105215766618,0.12718880866247717,2.5002416362599735,0.43715980706469015,0.003758128422257126,0.0,0.0,0.0547945205479452,0.0,14.0,60.0
feasibility_aware,pilot_easy,1,intercept,True,0.6800000000000004,0.6700000000000004,,,3.5432961703820514,37.68397763408964,0.11827075461450398,0.9489642537311598,-0.10831236326323575,0.12776162154749973,2.2532143282909187,0.43105440981202164,0.0013047370293103996,0.0,0.0,0.029411764705882353,0.0,14.0,60.0
feasibility_aware,pilot_easy,2,intercept,True,0.7600000000000005,0.7500000000000004,,,3.248639859687305,38.592406620609545,0.11639352921214341,0.6845404264835786,-0.01704450578743462,0.12681359215903595,2.3949770948970404,0.41804320303144854,0.00017044505787434618,0.0,0.0,0.013157894736842105,0.0,14.0,60.0
feasibility_aware,pilot_easy,3,intercept,True,0.8400000000000005,0.8300000000000005,,,3.31943671024682,39.473434554763166,0.0926622902483597,0.6522473255533544,-0.5281933040707341,0.12178245116260798,2.71195840972329,0.41361938325992337,0.02044075198869628,0.0,0.0,0.08333333333333333,0.0,14.0,60.0
feasibility_aware,pilot_easy,4,intercept,True,0.7500000000000004,0.7400000000000004,,,3.6690210752206003,39.667082812704095,0.09693955541942256,0.9398517231844881,-0.09555206557975222,0.12150191500811308,2.8011231252880253,0.41521358138327213,0.0012474047181536172,0.0,0.0,0.04,0.0,14.0,60.0
feasibility_aware,pilot_easy,5,intercept,True,0.5800000000000003,0.5700000000000003,,,3.5895733314591536,35.39474715970643,0.110632062255272,0.8913645683107662,-0.5687944234850963,0.12799829931080403,2.251374107210654,0.4398283309586752,0.008161795274313868,0.0,0.0,0.034482758620689655,0.0,14.0,60.0
feasibility_aware,pilot_easy,6,intercept,True,0.7100000000000004,0.7000000000000004,,,3.7499905790481844,36.60536131071971,0.11640778885113445,0.6636071064151591,-0.10385168399141771,0.12836507240237757,2.1532571501181725,0.44757705098161477,0.0010385168399141772,0.0,0.0,0.014084507042253521,0.0,14.0,60.0
feasibility_aware,pilot_easy,7,intercept,True,0.5900000000000003,0.5800000000000003,,,3.795961688194215,36.476169694065085,0.12000293710035104,0.8826081095091832,-0.159131040552349,0.12880172263538295,2.0476193135876013,0.44095631846187516,0.00159131040552349,0.0,0.0,0.01694915254237288,0.0,14.0,60.0
feasibility_aware,pilot_easy,8,intercept,True,0.8100000000000005,0.8000000000000005,,,3.5689143074587486,41.292665084683364,0.11138199155574202,0.5167862738953856,-0.806754653037919,0.12719694777726814,2.2382325981826674,0.40732638475933036,0.009772445765343378,0.0,0.0,0.024691358024691357,0.0,14.0,60.0
feasibility_aware,pilot_easy,9,intercept,True,0.6300000000000003,0.6200000000000003,,,3.6288535408884615,36.40938601730411,0.10984774877118386,0.7939881542527727,-0.24520292685201212,0.12743775536593552,2.38843036345553,0.43835485829606646,0.003972515465270995,0.0,0.0,0.047619047619047616,0.0,14.0,60.0
feasibility_aware,pilot_easy,10,intercept,True,0.8300000000000005,0.8200000000000005,,,3.590402871332471,38.8158855720546,0.1239345498841452,0.829669624205202,-0.21494335178497054,0.13011918179710436,1.925666148673159,0.4402127303431357,0.0021494335178497055,0.0,0.0,0.012048192771084338,0.0,14.0,60.0
feasibility_aware,pilot_easy,11,intercept,True,0.7500000000000004,0.7400000000000004,,,3.756658888444634,40.38940446172246,0.11660396028601128,0.5816468662936048,-0.6394638160314383,0.12987502122143577,1.7613557462807732,0.42396323767065297,0.008689616123811653,0.0,0.0,0.02666666666666667,0.0,14.0,60.0
feasibility_aware,pilot_easy,12,intercept,True,0.7700000000000005,0.7600000000000005,,,3.668124550391021,38.685368239267994,0.11050955590715339,0.707423492346132,-0.22226879457395915,0.12589456580105637,2.55501059334115,0.4276834507917986,0.00290458774389287,0.0,0.0,0.025974025974025976,0.0,14.0,60.0
feasibility_aware,pilot_easy,13,intercept,True,0.7200000000000004,0.7100000000000004,,,3.518115164305123,35.62252886651475,0.12206039874776753,0.6004382552233475,-0.11040682687162724,0.13011555683026366,1.8931092261802245,0.44626722264064056,0.0011040682687162725,0.0,0.0,0.013888888888888888,0.0,14.0,60.0
feasibility_aware,pilot_easy,14,intercept,True,0.7900000000000005,0.7800000000000005,,,3.5388681976769107,37.3404448240878,0.11455847389313167,0.8506936929136479,0.08549706508210102,0.12510854478247324,2.7654108812551152,0.4312765384135787,0.0,0.0,0.0,0.0,0.0,14.0,60.0
feasibility_aware,pilot_easy,15,intercept,True,0.8700000000000006,0.8600000000000005,,,3.7922430880968614,38.43051345962226,0.11527972084470173,0.7556947048800076,-0.7231028364610188,0.12905691960820434,2.0140899496508538,0.41455985852521415,0.00971148419256836,0.0,0.0,0.04597701149425287,0.0,14.0,60.0
feasibility_aware,pilot_easy,16,intercept,True,0.7000000000000004,0.6900000000000004,,,3.459970917742171,40.73574684953141,0.10931814179050348,0.6239370292558046,-0.2649429921166448,0.12595715372530483,2.4381823769567617,0.42401002421227996,0.0035287463852298117,0.0,0.0,0.02857142857142857,0.0,14.0,60.0
feasibility_aware,pilot_easy,17,intercept,True,0.7800000000000005,0.7700000000000005,,,3.4375085753940935,35.02886249971663,0.12326543346406771,0.7210655496223772,-0.2697983255718371,0.12974981573334857,1.9763596464815567,0.4521529404070333,0.0027901339235070215,0.0,0.0,0.02564102564102564,0.0,14.0,60.0
feasibility_aware,pilot_easy,18,intercept,True,0.7400000000000004,0.7300000000000004,,,3.7342594766986763,35.30633803921215,0.12156828726756075,0.7632942485739305,-0.02439458628255227,0.12865840094533285,2.1937869512211123,0.43751208161080063,0.0002439458628255227,0.0,0.0,0.013513513513513514,0.0,14.0,60.0
feasibility_aware,pilot_easy,19,intercept,True,0.6600000000000004,0.6500000000000004,,,3.510925592837699,34.53477153148397,0.11058307167991421,0.5619425040736576,-0.10352568372189104,0.13010322319114534,1.7975758968636233,0.4517572865572766,0.002648584643400847,0.0,0.0,0.06060606060606061,0.0,14.0,60.0
feasibility_aware,pilot_easy,20,intercept,True,0.7400000000000004,0.7300000000000004,,,3.719833174556386,39.154958826923526,0.11566317043871388,0.6100287916200491,0.08571430609814305,0.12774013079775923,2.2119141330136323,0.4430811948202882,0.0,0.0,0.0,0.0,0.0,14.0,60.0
feasibility_aware,pilot_easy,21,intercept,True,0.7300000000000004,0.7200000000000004,,,3.69416821007225,41.20087273284403,0.11306552105518586,0.6155335967252201,-0.0176933504814248,0.1287033106580882,2.000358846220818,0.4347380760164813,0.000176933504814248,0.0,0.0,0.0136986301369863,0.0,14.0,60.0
feasibility_aware,pilot_easy,22,intercept,True,0.6400000000000003,0.6300000000000003,,,3.6535376123766143,34.49003849978519,0.11793842673925747,0.575984114216091,-0.1909180266531511,0.12562605682615133,2.692582557014294,0.4127579191577281,0.0019091802665315112,0.0,0.0,0.015625,0.0,14.0,60.0
feasibility_aware,pilot_easy,23,intercept,True,0.7100000000000004,0.7000000000000004,,,3.780644071195259,39.341816560011964,0.10574743264666031,0.9391394011954342,-0.1709166479598539,0.12600623252303597,2.516226409903603,0.42167760460002474,0.0064223569019728815,0.0,0.0,0.07042253521126761,0.0,14.0,60.0
feasibility_aware,pilot_easy,24,intercept,True,0.7400000000000004,0.7300000000000004,,,3.603986215814898,36.54341038938709,0.1024985034655026,0.6947398269095074,-0.1862167489456688,0.12441760458332193,2.6075567084674454,0.43181188846615376,0.004892312995850964,0.0,0.0,0.06756756756756757,0.0,14.0,60.0
feasibility_aware,pilot_easy,25,intercept,True,0.8000000000000005,0.7900000000000005,,,3.603365245256397,41.027857038811234,0.10856711270403074,0.5376903563273767,-1.0099943522504014,0.1273660689441218,2.2189043800496613,0.3939390068333955,0.014024856967558754,0.0,0.0,0.05,0.0,14.0,60.0
feasibility_aware,pilot_easy,26,intercept,True,0.8400000000000005,0.8300000000000005,,,3.282974139120603,40.19923995875374,0.10233145130943921,0.5573316286027729,-0.1731490853809619,0.12350312992636935,2.8075093832682474,0.41428797149903956,0.0022654226947988578,0.0,0.0,0.023809523809523808,0.0,14.0,60.0
feasibility_aware,pilot_easy,27,intercept,True,0.7400000000000004,0.7300000000000004,,,3.7698448389806396,38.3090289115866,0.11969562078916707,0.6668755459698599,-0.1375484748027696,0.13021672066358253,1.8465959408822312,0.4544682972337434,0.0013754847480276962,0.0,0.0,0.013513513513513514,0.0,14.0,60.0
feasibility_aware,pilot_easy,28,intercept,True,0.7700000000000005,0.7600000000000005,,,3.281452097299689,37.78235774532271,0.09949302350228106,0.6775529823158694,-0.044615827540130173,0.12574375959182577,2.4297586917732614,0.429679809446202,0.0004922772956626245,0.0,0.0,0.025974025974025976,0.0,14.0,60.0
feasibility_aware,pilot_easy,29,intercept,True,0.7700000000000005,0.7600000000000005,,,3.427526571793162,38.19014423395115,0.1068480769070993,0.6594968160594558,-0.41099973538466655,0.1251326977229215,2.4570384647901857,0.4138438387256359,0.005522781228507621,0.0,0.0,0.05194805194805195,0.0,14.0,60.0
feasibility_aware,pilot_easy,30,intercept,True,0.7400000000000004,0.7300000000000004,,,3.3793431964232727,37.217834412617805,0.1239086521449817,0.7786674394426037,0.13438097068046678,0.13096510782683268,1.7315407209760392,0.45529951021506215,0.0,0.0,0.0,0.0,0.0,14.0,60.0
feasibility_aware,pilot_easy,31,intercept,True,0.6500000000000004,0.6400000000000003,,,3.5599178227344073,34.82827350593458,0.11274916475574148,0.6697297098124437,0.07227611678390232,0.12931825773452746,1.9202766963747373,0.4415071623891457,0.0,0.0,0.0,0.0,0.0,14.0,60.0
feasibility_aware,pilot_easy,32,intercept,True,0.8400000000000005,0.8300000000000005,,,3.498841427757213,40.319810398928254,0.0923074070940717,0.6608071674700959,-0.8690456461589735,0.12035382664792428,3.0581285550469977,0.37516272793632627,0.026500331304769868,0.0,0.0,0.11904761904761904,0.0,14.0,60.0
feasibility_aware,pilot_easy,33,intercept,True,0.7900000000000005,0.7800000000000005,,,3.259823984667223,40.52662095024942,0.11147914274183379,0.5119528098907704,-0.2325088839743828,0.12498906402555218,2.654865953920028,0.42171247899755787,0.004253862144505944,0.0,0.0,0.0379746835443038,0.0,14.0,60.0
feasibility_aware,pilot_easy,34,intercept,True,0.8200000000000005,0.8100000000000005,,,3.5955727953141805,37.13860254771959,0.11259052866051367,0.6286019144189137,-0.22816319958969505,0.12807430360348473,2.2357000513601095,0.43647429947903277,0.002540143052556908,0.0,0.0,0.024390243902439025,0.0,14.0,60.0
feasibility_aware,pilot_easy,35,intercept,True,0.8000000000000005,0.7900000000000005,,,3.5907744207092946,36.72211622845236,0.11049896085349409,0.8816068124443186,-0.2338057016793575,0.1261705481687129,2.463069950707461,0.43074876683266805,0.004865730806160462,0.0,0.0,0.0375,0.0,14.0,60.0
feasibility_aware,pilot_easy,36,intercept,True,0.8000000000000005,0.7900000000000005,,,3.4531496205094467,38.39711925877553,0.12293859019441677,0.6079192724009841,-0.23454448428629743,0.13066852723166292,1.8103952610277532,0.43408210520944357,0.002345444842862974,0.0,0.0,0.0125,0.0,14.0,60.0
feasibility_aware,pilot_easy,37,intercept,True,0.7100000000000004,0.7000000000000004,,,3.3930745747395448,35.8574856870468,0.10861769969784474,1.1102071778832356,-0.24239310336790448,0.12520419294395058,2.6694872248588193,0.41919639403940206,0.002423931033679045,0.0,0.0,0.014084507042253521,0.0,14.0,60.0
feasibility_aware,pilot_easy,38,intercept,True,0.7100000000000004,0.7000000000000004,,,3.2601832862034987,37.980970079493474,0.1197001619571425,0.5547525420223754,0.03029748620214566,0.1304907403011028,1.7454838395363939,0.44376985704621946,0.0,0.0,0.0,0.0,0.0,14.0,60.0
feasibility_aware,pilot_easy,39,intercept,True,0.7100000000000004,0.7000000000000004,,,3.5830284032968707,37.60098945525217,0.08757164831841113,0.6161500029814215,-0.8607052706410372,0.1235948387405347,2.5608648178414595,0.3987055404872471,0.02602213828964255,0.0,0.0,0.11267605633802817,0.0,14.0,60.0
feasibility_aware,pilot_easy,40,intercept,True,0.7200000000000004,0.7100000000000004,,,3.3164892851543746,33.94300750039069,0.11148421797320274,0.6377674222410257,0.13929863190331937,0.12529691333802695,2.649934283711735,0.4313663409335557,0.0,0.0,0.0,0.0,0.0,14.0,60.0
feasibility_aware,pilot_easy,41,intercept,True,0.7500000000000004,0.7400000000000004,,,3.6638449097743817,39.91437566843363,0.10147941340113387,0.7297793495008218,-0.19416516333856088,0.12173543950663224,2.9692905691907217,0.41316968581582353,0.006319631171771949,0.0,0.0,0.09333333333333334,0.0,14.0,60.0
feasibility_aware,pilot_easy,42,intercept,True,0.7500000000000004,0.7400000000000004,,,3.2801791451496123,41.155013506688924,0.09826863381711459,0.7585097329456332,-0.48752198984801304,0.1221246755339597,3.1357877672023133,0.4072579912082636,0.007776276126135674,0.0,0.0,0.04,0.0,14.0,60.0
feasibility_aware,pilot_easy,43,intercept,True,0.6600000000000004,0.6500000000000004,,,3.4141225655415117,36.529936569027974,0.11549984230411003,0.6136196660436184,-0.08531066761747037,0.12905345501645765,1.965176881724556,0.44540083035549777,0.001038539788411578,0.0,0.0,0.030303030303030304,0.0,14.0,60.0
feasibility_aware,pilot_easy,44,intercept,True,0.7400000000000004,0.7300000000000004,,,3.662420931271145,36.90973504499754,0.10364763802176591,0.6166577746912753,-0.07159327471063294,0.12631399456565245,2.425086632089463,0.4392620325568496,0.0007159327471063295,0.0,0.0,0.013513513513513514,0.0,14.0,60.0
feasibility_aware,pilot_easy,45,intercept,True,0.8100000000000005,0.8000000000000005,,,3.705576692908251,40.34830914525112,0.1168492407773215,0.558849883188554,0.1485109703659928,0.1295407388487247,1.8335439812487935,0.44778620911753686,0.0,0.0,0.0,0.0,0.0,14.0,60.0
feasibility_aware,pilot_easy,46,intercept,True,0.7300000000000004,0.7200000000000004,,,3.459932017152351,39.59857798995901,0.10684979025293828,0.6085968820597535,0.027440892112904666,0.1259690732002157,2.2944770966828263,0.43572488810085797,0.0,0.0,0.0,0.0,0.0,14.0,60.0
feasibility_aware,pilot_easy,47,intercept,True,0.7700000000000005,0.7600000000000005,,,3.3674864452657705,36.635625825035085,0.10951803470312593,0.9956953267478525,0.12220266961282837,0.12205898427388806,2.960247784469228,0.42426301725599475,0.0,0.0,0.0,0.0,0.0,14.0,60.0
feasibility_aware,pilot_easy,48,intercept,True,0.7800000000000005,0.7700000000000005,,,3.385523287311333,39.93679267279161,0.12290122514181956,0.6084903878757086,-0.35683910957403736,0.13043875649065811,1.7764596174708425,0.4354395225906606,0.0035683910957403737,0.0,0.0,0.01282051282051282,0.0,14.0,60.0
feasibility_aware,pilot_easy,49,intercept,True,0.8000000000000005,0.7900000000000005,,,3.6886824515126464,41.23762381277821,0.12210744724197231,0.6827148831573769,-0.2757821186753571,0.12971155696819214,2.0358532523566675,0.4385559900300815,0.002757821186753571,0.0,0.0,0.0125,0.0,14.0,60.0
feasibility_aware,pilot_easy,50,intercept,True,0.8400000000000005,0.8300000000000005,,,3.461071919315123,39.79036280248345,0.10385721865857567,0.547464811165235,-0.48480515692555065,0.12141399339144489,3.0770516414772775,0.3939812992286042,0.01806627728974311,0.0,0.0,0.09523809523809523,0.0,14.0,60.0
feasibility_aware,pilot_easy,51,intercept,True,0.7000000000000004,0.6900000000000004,,,3.598482760023378,38.21937767126876,0.08652857832060479,0.6335271547709893,-1.0174388009996578,0.12126242194002468,2.841610711179398,0.3861779943749352,0.021901411241597696,0.0,0.0,0.1,0.0,14.0,60.0
feasibility_aware,pilot_easy,52,intercept,True,0.7700000000000005,0.7600000000000005,,,3.334258955503096,40.00601672463941,0.08905805224664487,0.9223837278806283,-1.1360452473942249,0.1212619990085589,3.092085005393632,0.40524931375940415,0.026246442445586902,0.0,0.0,0.09090909090909091,0.0,14.0,60.0
feasibility_aware,pilot_easy,53,intercept,True,0.6400000000000003,0.6300000000000003,,,3.662969282348046,35.280069917334615,0.10369137718060062,0.5679808037689892,-0.0673686747355184,0.12337032414324528,2.7926164406150926,0.4249772869745754,0.000673686747355184,0.0,0.0,0.015625,0.0,14.0,60.0
feasibility_aware,pilot_easy,54,intercept,True,0.7100000000000004,0.7000000000000004,,,3.4257224914966136,39.51434989219665,0.11309718187351869,0.5420890424021199,0.06549479330279893,0.12648493024478305,2.3864340598488996,0.43493701838889987,0.0,0.0,0.0,0.0,0.0,14.0,60.0
feasibility_aware,pilot_easy,55,intercept,True,0.7100000000000004,0.7000000000000004,,,3.703154823385526,37.20716023384955,0.11466076103078238,0.6728721480235859,0.001354897298559185,0.12904996291534143,2.086190845434967,0.4459342219540165,0.0,0.0,0.0,0.0,0.0,14.0,60.0
feasibility_aware,pilot_easy,56,intercept,True,0.7400000000000004,0.7300000000000004,,,3.533067059244786,37.40876882828001,0.09511112444362446,0.9204853213570081,-0.16013801101440245,0.12342352768137574,2.7599869314625183,0.40431040642273197,0.002370377700033668,0.0,0.0,0.05405405405405406,0.0,14.0,60.0
feasibility_aware,pilot_easy,57,intercept,True,0.7300000000000004,0.7200000000000004,,,3.6321791867385023,35.67159384078578,0.10507030824444463,0.5559125765748175,-0.0703983012042861,0.12841263977742043,2.1414786786447415,0.4455339121884179,0.0009740401861184188,0.0,0.0,0.0410958904109589,0.0,14.0,60.0
feasibility_aware,pilot_easy,58,intercept,True,0.8800000000000006,0.8700000000000006,,,3.696372665554009,40.257614493061226,0.10983312377300314,0.8557413408847593,-0.9103759379802872,0.12732388355694665,2.292479271872688,0.4160321370217858,0.019021270382989355,0.0,0.0,0.045454545454545456,0.0,14.0,60.0
feasibility_aware,pilot_easy,59,intercept,True,0.7700000000000005,0.7600000000000005,,,3.3100372875533797,42.11891056882122,0.09597702079486947,0.7564385373206686,-0.21354811083879838,0.12344252950184374,2.837415010160466,0.42420315986749724,0.003199305364092806,0.0,0.0,0.025974025974025976,0.0,14.0,60.0
full,pilot_easy,0,intercept,True,0.7300000000000004,0.7200000000000004,,,3.67807322062928,36.22399546812111,0.11772967163783121,1.0053976276200631,-0.04006201770507363,0.12858400171254752,2.213557355960459,0.44614498893395244,0.0004006201770507363,0.0,0.0,0.0136986301369863,1.0,14.0,60.0
full,pilot_easy,1,intercept,True,0.6800000000000004,0.6700000000000004,,,3.578276837226846,37.683733754244614,0.11336998951570054,0.7940083853655078,-0.20691304846611186,0.12534667475298875,2.5742564728710393,0.42354926904806434,0.0020691304846611187,0.0,0.0,0.014705882352941176,1.0,14.0,60.0
full,pilot_easy,2,intercept,True,0.7500000000000004,0.7400000000000004,,,3.597065802359516,38.76440834504011,0.08887241927837208,0.5566798643967957,-0.3045163457526146,0.1246396788668754,2.2746416591241205,0.4297477698990565,0.007893701530815206,0.0,0.0,0.06666666666666667,1.0,14.0,60.0
full,pilot_easy,3,intercept,True,0.8500000000000005,0.8400000000000005,,,3.7914672160417977,39.30238998444035,0.11136071608902742,0.7386644856644486,-0.8207559963201663,0.12865667887068025,2.0358878250712635,0.40519751554682865,0.01334042387751996,0.0,0.0,0.047058823529411764,1.0,14.0,60.0
full,pilot_easy,4,intercept,True,0.7700000000000005,0.7600000000000005,,,3.5581077198894326,39.329459050270486,0.1195924783723904,0.6179960221778449,-0.20456562669660378,0.1291518970858933,2.0905146328523503,0.43348364864662775,0.0020456562669660377,0.0,0.0,0.012987012987012988,1.0,14.0,60.0
full,pilot_easy,5,intercept,True,0.5800000000000003,0.5700000000000003,,,3.505037260492818,35.39205621145878,0.09018924516014815,0.8913645683107662,-0.5687944234850963,0.11969540019942182,3.070918392069681,0.4050565284140147,0.0196591115892618,0.0,0.0,0.10344827586206896,1.0,14.0,60.0
full,pilot_easy,6,intercept,True,0.7400000000000004,0.7300000000000004,,,3.3873384531141495,36.088963038284476,0.11084519086343503,0.6258808650517997,-0.1924626823186823,0.12261047321008049,2.6922098332431177,0.3905899963266902,0.002489753830491988,0.0,0.0,0.04054054054054054,1.0,14.0,60.0
full,pilot_easy,7,intercept,True,0.5900000000000003,0.5800000000000003,,,3.6220990402589237,36.47584227227605,0.11290000045269188,0.8833290534093071,0.04937511985490721,0.1283875401998061,2.2030993891758794,0.4307577825077957,0.0,0.0,0.0,0.0,1.0,14.0,60.0
full,pilot_easy,8,intercept,True,0.8100000000000005,0.8000000000000005,,,3.611335001903026,41.29394979438337,0.10519720030918744,0.8370428895137189,-1.1243109881770461,0.1281270234046602,2.09283930395512,0.3942074406145468,0.017855797251525606,0.0,0.0,0.037037037037037035,1.0,14.0,60.0
full,pilot_easy,9,intercept,True,0.6300000000000003,0.6200000000000003,,,3.6383684879168765,36.409204087595015,0.07272863605828161,0.7276803356499573,-1.1155712281083903,0.11852945166789403,3.0553124474452362,0.39945186032740054,0.024596393009967188,0.0,0.0,0.12698412698412698,1.0,14.0,60.0
full,pilot_easy,10,intercept,True,0.8300000000000005,0.8200000000000005,,,3.735818679139932,38.81556904419872,0.12355730887810334,0.5526956611391896,-0.23699648439131732,0.13054187931970143,1.7561309428853038,0.44087159491455796,0.0023699648439131733,0.0,0.0,0.012048192771084338,1.0,14.0,60.0
full,pilot_easy,11,intercept,True,0.7500000000000004,0.7400000000000004,,,3.48847958094041,40.38944065560179,0.10785584067278309,0.7538615366786908,-0.44965863843383574,0.12636116060382008,2.369474661199996,0.42146456780639846,0.0044965863843383575,0.0,0.0,0.013333333333333334,1.0,14.0,60.0
full,pilot_easy,12,intercept,True,0.7600000000000005,0.7500000000000004,,,3.455783206103443,38.850178344025245,0.10840345550963815,0.6808548066141672,-0.005849041709225414,0.12521175446118135,2.614923101823937,0.4259896340834581,5.849041709225414e-05,0.0,0.0,0.013157894736842105,1.0,14.0,60.0
full,pilot_easy,13,intercept,True,0.7100000000000004,0.7000000000000004,,,3.498085708965338,35.78476071916346,0.1162882705742766,0.7880809000116424,-0.359847789430538,0.1297279870383487,1.821812431379231,0.42466543071093377,0.0046122099292747925,0.0,0.0,0.04225352112676056,1.0,14.0,60.0
full,pilot_easy,14,intercept,True,0.8000000000000005,0.7900000000000005,,,3.2845095403091986,37.17661747439937,0.10881007043804647,0.8506936929136479,0.004888146003884639,0.12371955477744834,2.7758335439767756,0.4242044232807081,0.0,0.0,0.0,0.0,1.0,14.0,60.0
full,pilot_easy,15,intercept,True,0.8900000000000006,0.8800000000000006,,,3.565726229165804,38.118304587338535,0.09711832444594659,0.7556947048800076,-1.3048589159089474,0.12644750731731627,2.3191919193718085,0.3913074387632212,0.03697415461963766,0.0,0.0,0.06741573033707865,1.0,14.0,60.0
full,pilot_easy,16,intercept,True,0.6900000000000004,0.6800000000000004,,,3.492151076484344,40.90298882860281,0.1146438906668843,0.7356840775597344,-0.24503337869585978,0.1256661423234592,2.6758786715615837,0.4224003807000625,0.006671353785500928,0.0,0.0,0.07246376811594203,1.0,14.0,60.0
full,pilot_easy,17,intercept,True,0.8000000000000005,0.7900000000000005,,,3.589374267702572,34.709962019220086,0.11128281562154574,0.6071613874639697,-0.2697983255718371,0.1267132095577751,2.1730908810832887,0.4281068168579384,0.006132529965294092,0.0,0.0,0.0625,1.0,14.0,60.0
full,pilot_easy,18,intercept,True,0.7400000000000004,0.7300000000000004,,,3.7378470609065353,35.30837452228934,0.11440024005909666,0.7632942485739305,-0.14112670994121518,0.12832752285253418,2.1880039665506903,0.4324209264824029,0.0014112670994121518,0.0,0.0,0.013513513513513514,1.0,14.0,60.0
full,pilot_easy,19,intercept,True,0.6600000000000004,0.6500000000000004,,,3.510925592837699,34.53477153148397,0.11058307167991421,0.5619425040736576,-0.10352568372189104,0.13010322319114534,1.7975758968636233,0.4517572865572766,0.002648584643400847,0.0,0.0,0.06060606060606061,1.0,14.0,60.0
full,pilot_easy,20,intercept,True,0.7400000000000004,0.7300000000000004,,,3.6724457690158725,39.15503981584483,0.12061302271661323,0.5066644637293796,0.047380832271421966,0.12884145837858085,2.0698160650554263,0.4481067558875076,0.0,0.0,0.0,0.0,1.0,14.0,60.0
full,pilot_easy,21,intercept,True,0.7400000000000004,0.7300000000000004,,,3.4479525874773382,41.03315573061707,0.11364564992983073,0.6758572722655838,0.010495061263704572,0.1280406857207036,2.0502001994864374,0.4223947834394389,0.0,0.0,0.0,0.0,1.0,14.0,60.0
full,pilot_easy,22,intercept,True,0.6500000000000004,0.6400000000000003,,,3.7264582389593732,34.32697089791555,0.11079377361654186,0.5452928330390324,-0.1909180266531511,0.1262392698340726,2.420649007922973,0.41264872370839706,0.0019147600729906488,0.0,0.0,0.03076923076923077,1.0,14.0,60.0
full,pilot_easy,23,intercept,True,0.7100000000000004,0.7000000000000004,,,3.7881463547274885,39.341784746639135,0.09616014750614088,0.9391394011954342,-0.22925741109816905,0.12702898038481322,2.3448556366289877,0.42813482990762486,0.007071121534727764,0.0,0.0,0.07042253521126761,1.0,14.0,60.0
full,pilot_easy,24,intercept,True,0.7600000000000005,0.7500000000000004,,,3.5342430921568,36.22189724339802,0.11241345750084542,0.8047493222266733,-0.13906602185951628,0.12539317881217002,2.696577509033101,0.43823155637298217,0.0013906602185951627,0.0,0.0,0.013157894736842105,1.0,14.0,60.0
full,pilot_easy,25,intercept,True,0.7700000000000005,0.7600000000000005,,,3.754047197507253,41.52060374872435,0.11288585749427937,0.7357067431523998,-0.16224022592126425,0.1268890972939531,2.208243937583633,0.42178704953360896,0.0030281367089505275,0.0,0.0,0.025974025974025976,1.0,14.0,60.0
full,pilot_easy,26,intercept,True,0.8200000000000005,0.8100000000000005,,,3.7176188233858243,40.53435636437672,0.09214449092828703,0.6037267502217473,-0.2854760428668221,0.1190263235375769,3.3300878898246324,0.4060042812196104,0.0051856778570856755,0.0,0.0,0.036585365853658534,1.0,14.0,60.0
full,pilot_easy,27,intercept,True,0.7400000000000004,0.7300000000000004,,,3.7698448389806396,38.3090289115866,0.11969562078916707,0.6668755459698599,-0.1375484748027696,0.13021672066358253,1.8465959408822312,0.4544682972337434,0.0013754847480276962,0.0,0.0,0.013513513513513514,1.0,14.0,60.0
full,pilot_easy,28,intercept,True,0.7700000000000005,0.7600000000000005,,,3.7353577273403467,37.783369180575335,0.1141928464814147,0.6134247823529025,0.0051548307470314775,0.13020009898064588,1.6573319287072839,0.44665816723677887,0.0,0.0,0.0,0.0,1.0,14.0,60.0
full,pilot_easy,29,intercept,True,0.7800000000000005,0.7700000000000005,,,3.531194066017996,38.030583524162964,0.11845063056696481,0.7322299717022769,-0.3544305384954704,0.12785985722225168,2.2529481013708077,0.43099779094456964,0.003544305384954704,0.0,0.0,0.01282051282051282,1.0,14.0,60.0
full,pilot_easy,30,intercept,True,0.7400000000000004,0.7300000000000004,,,3.755137805637462,37.218678721100176,0.12629908904031062,0.694815833624326,0.23385461236399935,0.13202161613892283,1.5122030794493,0.45784913606422367,0.0,0.0,0.0,0.0,1.0,14.0,60.0
full,pilot_easy,31,intercept,True,0.6500000000000004,0.6400000000000003,,,3.5599178227344073,34.82827350593458,0.11274916475574148,0.6697297098124437,0.07227611678390232,0.12931825773452746,1.9202766963747373,0.4415071623891457,0.0,0.0,0.0,0.0,1.0,14.0,60.0
full,pilot_easy,32,intercept,True,0.8200000000000005,0.8100000000000005,,,3.625645192337285,40.660076009187,0.09371529850611915,0.6608071674700959,-0.7859249491198945,0.12523379695711137,2.5497016905862444,0.41487479294474827,0.017487165924109944,0.0,0.0,0.08536585365853659,1.0,14.0,60.0
full,pilot_easy,33,intercept,True,0.7700000000000005,0.7600000000000005,,,3.7504254575863154,40.861550601262664,0.09622697548099368,0.9146721715731027,-0.36158685419966724,0.1256443847802735,2.432274423769655,0.42761089711275824,0.0059323169820867825,0.0,0.0,0.03896103896103896,1.0,14.0,60.0
full,pilot_easy,34,intercept,True,0.8200000000000005,0.8100000000000005,,,3.5955727953141805,37.13860254771959,0.11259052866051367,0.6286019144189137,-0.22816319958969505,0.12807430360348473,2.2357000513601095,0.43647429947903277,0.002540143052556908,0.0,0.0,0.024390243902439025,1.0,14.0,60.0
full,pilot_easy,35,intercept,True,0.8000000000000005,0.7900000000000005,,,3.244763601478752,36.72174462597066,0.1158492727174576,0.8816068124443186,-0.2338057016793575,0.1289532832281296,2.0957669170085618,0.44091587931180476,0.002338057016793575,0.0,0.0,0.0125,1.0,14.0,60.0
full,pilot_easy,36,intercept,True,0.7900000000000005,0.7800000000000005,,,3.457666959750606,38.559268672053776,0.11929805355460632,0.6906426857930428,-0.11945992555199954,0.12993594560367672,1.8015482633449238,0.4388146228753544,0.0011945992555199953,0.0,0.0,0.012658227848101266,1.0,14.0,60.0
full,pilot_easy,37,intercept,True,0.7300000000000004,0.7200000000000004,,,3.4336448260510686,35.52328225629851,0.1181096131332322,0.5496365450081115,-0.2423931033701185,0.1310984880458668,1.6436039754331857,0.4459877683489907,0.002423931033701185,0.0,0.0,0.0136986301369863,1.0,14.0,60.0
full,pilot_easy,38,intercept,True,0.7100000000000004,0.7000000000000004,,,3.41378986529731,37.98111828825853,0.11784268691096111,0.5547525420223754,-0.3319103577872609,0.12792278580831726,2.2260716834899257,0.4151541747037118,0.0039451694343933695,0.0,0.0,0.028169014084507043,1.0,14.0,60.0
full,pilot_easy,39,intercept,True,0.7100000000000004,0.7000000000000004,,,3.534405209134858,37.601267464879136,0.1167442722379407,0.6928428318972473,-0.11624600259054692,0.12864288175062005,2.18553351184128,0.4481468524284415,0.001162460025905469,0.0,0.0,0.014084507042253521,1.0,14.0,60.0
full,pilot_easy,40,intercept,True,0.7100000000000004,0.7000000000000004,,,3.71134073912953,34.11214770637013,0.11266631101678404,0.6881622723597117,0.13929863190331937,0.1258357083963533,2.525776429449484,0.4364939386555518,0.0,0.0,0.0,0.0,1.0,14.0,60.0
full,pilot_easy,41,intercept,True,0.7600000000000005,0.7500000000000004,,,3.5465064639920865,39.749798480494526,0.10935482873381097,0.7297793495008218,-0.14895022379884443,0.12384981351168162,2.775067785607828,0.4314978095633863,0.0014895022379884442,0.0,0.0,0.013157894736842105,1.0,14.0,60.0
full,pilot_easy,42,intercept,True,0.7700000000000005,0.7600000000000005,,,3.7542675840086948,40.8234081191053,0.1202219477875176,0.6867735873580076,-0.30918574483674915,0.12904121078045533,2.0699062004432567,0.4198796530651819,0.0030918574483674915,0.0,0.0,0.012987012987012988,1.0,14.0,60.0
full,pilot_easy,43,intercept,True,0.6600000000000004,0.6500000000000004,,,3.4145388946953217,36.52996349007181,0.11623053858346122,0.6136196660436184,-0.08531066761747037,0.1291778152467638,1.954741836125699,0.4461306409405029,0.0009094148419970447,0.0,0.0,0.030303030303030304,1.0,14.0,60.0
full,pilot_easy,44,intercept,True,0.7400000000000004,0.7300000000000004,,,3.631692587618945,36.90962573208957,0.08855089397441696,0.6166577746912753,-0.6488100537776234,0.12389075737227243,2.7118693318109672,0.4264802144400777,0.012093939809838382,0.0,0.0,0.05405405405405406,1.0,14.0,60.0
full,pilot_easy,45,intercept,True,0.7900000000000005,0.7800000000000005,,,3.699586746862833,40.66390945089276,0.10600527410113536,0.5757356203773145,-0.2023259043878392,0.1269191556028313,2.1447688441326864,0.4233824899262287,0.0026744199387437806,0.0,0.0,0.02531645569620253,1.0,14.0,60.0
full,pilot_easy,46,intercept,True,0.7400000000000004,0.7300000000000004,,,3.3785167921582744,39.43383657306506,0.08946672044838389,0.6085968820597535,-0.522368927794051,0.124801867551143,2.4433541212704246,0.42488167350966943,0.017324446689946676,0.0,0.0,0.06756756756756757,1.0,14.0,60.0
full,pilot_easy,47,intercept,True,0.7700000000000005,0.7600000000000005,,,3.5584323259461534,36.635626099504776,0.12063483569027378,0.9956953267478525,0.10526332166862044,0.12729883936276815,2.347548196558364,0.43047707346465963,0.0,0.0,0.0,0.0,1.0,14.0,60.0
full,pilot_easy,48,intercept,True,0.7800000000000005,0.7700000000000005,,,3.5721401696571324,39.93666617211536,0.1214338468557713,0.6111483339440336,-0.20903963542104037,0.13020082506782135,1.8494286954523547,0.42492014288514723,0.002387633334156119,0.0,0.0,0.02564102564102564,1.0,14.0,60.0
full,pilot_easy,49,intercept,True,0.8100000000000005,0.8000000000000005,,,3.447387587208188,41.0811651610721,0.10844709802752261,1.0626770806460646,-0.5345395607086278,0.1248218764519501,2.714903371951641,0.40243274063991885,0.005867256795775558,0.0,0.0,0.024691358024691357,1.0,14.0,60.0
full,pilot_easy,50,intercept,True,0.8200000000000005,0.8100000000000005,,,3.5102329862152155,40.13312586891894,0.10501898777173879,0.6651230800980534,-0.7264581069378582,0.12380599229155519,2.8133443031783867,0.41043158970681004,0.017443535467637324,0.0,0.0,0.06097560975609756,1.0,14.0,60.0
full,pilot_easy,51,intercept,True,0.7000000000000004,0.6900000000000004,,,3.587410048487854,38.21935091875683,0.10755779109594266,0.6335271547709893,-0.3202805787163517,0.12421728762848852,2.547084708514293,0.4149222667685054,0.003202805787163517,0.0,0.0,0.014285714285714285,1.0,14.0,60.0
full,pilot_easy,52,intercept,True,0.7700000000000005,0.7600000000000005,,,3.334258955503096,40.00601672463941,0.08905805224664487,0.9223837278806283,-1.1360452473942249,0.1212619990085589,3.092085005393632,0.40524931375940415,0.026246442445586902,0.0,0.0,0.09090909090909091,1.0,14.0,60.0
full,pilot_easy,53,intercept,True,0.6400000000000003,0.6300000000000003,,,3.78202664544223,35.27975745837205,0.10574543635542089,0.7656725560821112,-0.04945640878589121,0.12286853650733812,2.958529699225757,0.41983708570263045,0.0004945640878589121,0.0,0.0,0.015625,1.0,14.0,60.0
full,pilot_easy,54,intercept,True,0.7000000000000004,0.6900000000000004,,,3.5840449819744986,39.68644964286137,0.12200342644469586,0.5844035814545783,-0.026064629604924408,0.130643863206005,1.6196204557283769,0.4329863545203515,0.0002606462960492441,0.0,0.0,0.014285714285714285,1.0,14.0,60.0
full,pilot_easy,55,intercept,True,0.7100000000000004,0.7000000000000004,,,3.784101755055981,37.20715764306376,0.09466442575765965,0.8995388993469053,-0.553774943418404,0.12274122538220507,2.8516628017195393,0.40865790394638823,0.02168705827952236,0.0,0.0,0.14084507042253522,1.0,14.0,60.0
full,pilot_easy,56,intercept,True,0.7300000000000004,0.7200000000000004,,,3.3020349551098342,37.57238855493799,0.10561125382227599,0.8277899193477979,-0.1254312747884157,0.12511617943753497,2.6353809410003772,0.4261570222401486,0.002382279268181882,0.0,0.0,0.0273972602739726,1.0,14.0,60.0
full,pilot_easy,57,intercept,True,0.7500000000000004,0.7400000000000004,,,3.6191226719514975,35.34566414072647,0.11060147468003334,0.543312137638138,0.004073295038977173,0.12928946430571198,1.994688735390054,0.4413140396758087,0.0,0.0,0.0,0.0,1.0,14.0,60.0
full,pilot_easy,58,intercept,True,0.8900000000000006,0.8800000000000006,,,3.5265994421088744,40.1002749976817,0.104450477710465,0.6618544914998539,-1.1194403319125166,0.12688140230017633,2.3625821032598555,0.4019636145269701,0.019940892741182225,0.0,0.0,0.07865168539325842,1.0,14.0,60.0
full,pilot_easy,59,intercept,True,0.7700000000000005,0.7600000000000005,,,3.2913441509043593,42.12073401972871,0.11026955109615466,0.7564385373206686,-0.15193612650017269,0.12501154959605817,2.6515809717967915,0.4356802699133003,0.0023429773603113333,0.0,0.0,0.03896103896103896,1.0,14.0,60.0
